NUTS_ID;LEVL_CODE;CNTR_CODE;NAME_LATN;NUTS_NAME
AL;0;AL;Shqipëria;Shqipëria
AL0;1;AL;Shqipëria;Shqipëria
AL01;2;AL;Veri;Veri
AL02;2;AL;Qender;Qender
AL03;2;AL;Jug;Jug
AL011;3;AL;Dibër;Dibër
AL012;3;AL;Durrës;Durrës
AL013;3;AL;Kukës;Kukës
AL031;3;AL;Berat;Berat
AL032;3;AL;Fier;Fier
AL033;3;AL;Gjirokastër;Gjirokastër
AL034;3;AL;Korcë;Korcë
AL014;3;AL;Lezhë;Lezhë
AL015;3;AL;Shkodër;Shkodër
AL021;3;AL;Elbasan;Elbasan
AL022;3;AL;Tiranë;Tiranë
AL035;3;AL;Vlorë;Vlorë
AT;0;AT;Österreich;Österreich
AT2;1;AT;Südösterreich;Südösterreich
AT1;1;AT;Ostösterreich;Ostösterreich
AT3;1;AT;Westösterreich;Westösterreich
AT11;2;AT;Burgenland;Burgenland
AT33;2;AT;Tirol;Tirol
AT34;2;AT;Vorarlberg;Vorarlberg
AT12;2;AT;Niederösterreich;Niederösterreich
AT13;2;AT;Wien;Wien
AT21;2;AT;Kärnten;Kärnten
AT22;2;AT;Steiermark;Steiermark
AT31;2;AT;Oberösterreich;Oberösterreich
AT32;2;AT;Salzburg;Salzburg
AT123;3;AT;Sankt Pölten;Sankt Pölten
AT124;3;AT;Waldviertel;Waldviertel
AT125;3;AT;Weinviertel;Weinviertel
AT126;3;AT;Wiener Umland/Nordteil;Wiener Umland/Nordteil
AT111;3;AT;Mittelburgenland;Mittelburgenland
AT112;3;AT;Nordburgenland;Nordburgenland
AT113;3;AT;Südburgenland;Südburgenland
AT121;3;AT;Mostviertel-Eisenwurzen;Mostviertel-Eisenwurzen
AT122;3;AT;Niederösterreich-Süd;Niederösterreich-Süd
AT224;3;AT;Oststeiermark;Oststeiermark
AT225;3;AT;West- und Südsteiermark;West- und Südsteiermark
AT226;3;AT;Westliche Obersteiermark;Westliche Obersteiermark
AT311;3;AT;Innviertel;Innviertel
AT127;3;AT;Wiener Umland/Südteil;Wiener Umland/Südteil
AT130;3;AT;Wien;Wien
AT211;3;AT;Klagenfurt-Villach;Klagenfurt-Villach
AT212;3;AT;Oberkärnten;Oberkärnten
AT213;3;AT;Unterkärnten;Unterkärnten
AT221;3;AT;Graz;Graz
AT222;3;AT;Liezen;Liezen
AT223;3;AT;Östliche Obersteiermark;Östliche Obersteiermark
AT315;3;AT;Traunviertel;Traunviertel
AT321;3;AT;Lungau;Lungau
AT334;3;AT;Tiroler Oberland;Tiroler Oberland
AT335;3;AT;Tiroler Unterland;Tiroler Unterland
AT341;3;AT;Bludenz-Bregenzer Wald;Bludenz-Bregenzer Wald
AT342;3;AT;Rheintal-Bodenseegebiet;Rheintal-Bodenseegebiet
AT322;3;AT;Pinzgau-Pongau;Pinzgau-Pongau
AT323;3;AT;Salzburg und Umgebung;Salzburg und Umgebung
AT331;3;AT;Außerfern;Außerfern
AT332;3;AT;Innsbruck;Innsbruck
AT333;3;AT;Osttirol;Osttirol
AT312;3;AT;Linz-Wels;Linz-Wels
AT313;3;AT;Mühlviertel;Mühlviertel
AT314;3;AT;Steyr-Kirchdorf;Steyr-Kirchdorf
BA;0;BA;Bosna I Hercegovina;Bosna I Hercegovina
BA0;1;BA;Bosna I Hercegovina;Bosna I Hercegovina
BA01;2;BA;Federacija Bosne i Hercegovine;Federacija Bosne i Hercegovine
BA02;2;BA;Republika Srpska;Republika Srpska
BA03;2;BA;Brčko District BiH;Brčko District BiH
BE;0;BE;Belgique/België;Belgique/België
BE1;1;BE;Région de Bruxelles-Capitale/Brussels Hoofdstedelijk Gewest;Région de Bruxelles-Capitale/Brussels Hoofdstedelijk Gewest
BE2;1;BE;Vlaams Gewest;Vlaams Gewest
BE3;1;BE;Région wallonne;Région wallonne
BE22;2;BE;Prov. Limburg (BE);Prov. Limburg (BE)
BE23;2;BE;Prov. Oost-Vlaanderen;Prov. Oost-Vlaanderen
BE24;2;BE;Prov. Vlaams-Brabant;Prov. Vlaams-Brabant
BE25;2;BE;Prov. West-Vlaanderen;Prov. West-Vlaanderen
BE31;2;BE;Prov. Brabant wallon;Prov. Brabant wallon
BE32;2;BE;Prov. Hainaut;Prov. Hainaut
BE10;2;BE;Région de Bruxelles-Capitale/ Brussels Hoofdstedelijk Gewest;Région de Bruxelles-Capitale/ Brussels Hoofdstedelijk Gewest
BE21;2;BE;Prov. Antwerpen;Prov. Antwerpen
BE33;2;BE;Prov. Liège;Prov. Liège
BE34;2;BE;Prov. Luxembourg (BE);Prov. Luxembourg (BE)
BE35;2;BE;Prov. Namur;Prov. Namur
BE32B;3;BE;Arr. Charleroi;Arr. Charleroi
BE100;3;BE;Arr. de Bruxelles-Capitale/Arr. Brussel-Hoofdstad;Arr. de Bruxelles-Capitale/Arr. Brussel-Hoofdstad
BE211;3;BE;Arr. Antwerpen;Arr. Antwerpen
BE212;3;BE;Arr. Mechelen;Arr. Mechelen
BE213;3;BE;Arr. Turnhout;Arr. Turnhout
BE253;3;BE;Arr. Ieper;Arr. Ieper
BE254;3;BE;Arr. Kortrijk;Arr. Kortrijk
BE255;3;BE;Arr. Oostende;Arr. Oostende
BE256;3;BE;Arr. Roeselare;Arr. Roeselare
BE257;3;BE;Arr. Tielt;Arr. Tielt
BE258;3;BE;Arr. Veurne;Arr. Veurne
BE310;3;BE;Arr. Nivelles;Arr. Nivelles
BE323;3;BE;Arr. Mons;Arr. Mons
BE328;3;BE;Arr. Tournai-Mouscron;Arr. Tournai-Mouscron
BE329;3;BE;Arr. La Louvière;Arr. La Louvière
BE32A;3;BE;Arr. Ath;Arr. Ath
BE223;3;BE;Arr. Tongeren;Arr. Tongeren
BE224;3;BE;Arr. Hasselt;Arr. Hasselt
BE225;3;BE;Arr. Maaseik;Arr. Maaseik
BE231;3;BE;Arr. Aalst;Arr. Aalst
BE232;3;BE;Arr. Dendermonde;Arr. Dendermonde
BE233;3;BE;Arr. Eeklo;Arr. Eeklo
BE234;3;BE;Arr. Gent;Arr. Gent
BE235;3;BE;Arr. Oudenaarde;Arr. Oudenaarde
BE236;3;BE;Arr. Sint-Niklaas;Arr. Sint-Niklaas
BE241;3;BE;Arr. Halle-Vilvoorde;Arr. Halle-Vilvoorde
BE242;3;BE;Arr. Leuven;Arr. Leuven
BE251;3;BE;Arr. Brugge;Arr. Brugge
BE252;3;BE;Arr. Diksmuide;Arr. Diksmuide
BE336;3;BE;Bezirk Verviers — Deutschsprachige Gemeinschaft;Bezirk Verviers — Deutschsprachige Gemeinschaft
BE341;3;BE;Arr. Arlon;Arr. Arlon
BE342;3;BE;Arr. Bastogne;Arr. Bastogne
BE353;3;BE;Arr. Philippeville;Arr. Philippeville
BE343;3;BE;Arr. Marche-en-Famenne;Arr. Marche-en-Famenne
BE344;3;BE;Arr. Neufchâteau;Arr. Neufchâteau
BE345;3;BE;Arr. Virton;Arr. Virton
BE351;3;BE;Arr. Dinant;Arr. Dinant
BE352;3;BE;Arr. Namur;Arr. Namur
BE32C;3;BE;Arr. Soignies;Arr. Soignies
BE32D;3;BE;Arr. Thuin;Arr. Thuin
BE331;3;BE;Arr. Huy;Arr. Huy
BE332;3;BE;Arr. Liège;Arr. Liège
BE334;3;BE;Arr. Waremme;Arr. Waremme
BE335;3;BE;Arr. Verviers — communes francophones;Arr. Verviers — communes francophones
BG;0;BG;Bulgaria;България 
BG4;1;BG;Yugozapadna i Yuzhna tsentralna Bulgaria;Югозападна и Южна централна България
BG3;1;BG;Severna i Yugoiztochna Bulgaria;Северна и Югоизточна България
BG34;2;BG;Yugoiztochen;Югоизточен
BG41;2;BG;Yugozapaden;Югозападен
BG42;2;BG;Yuzhen tsentralen;Южен централен
BG31;2;BG;Severozapaden;Северозападен
BG32;2;BG;Severen tsentralen;Северен централен
BG33;2;BG;Severoiztochen;Североизточен
BG311;3;BG;Vidin;Видин
BG312;3;BG;Montana;Монтана
BG313;3;BG;Vratsa;Враца
BG314;3;BG;Pleven;Плевен
BG325;3;BG;Silistra;Силистра
BG331;3;BG;Varna;Варна
BG332;3;BG;Dobrich;Добрич
BG315;3;BG;Lovech;Ловеч
BG321;3;BG;Veliko Tarnovo;Велико Търново
BG322;3;BG;Gabrovo;Габрово
BG323;3;BG;Ruse;Русе
BG324;3;BG;Razgrad;Разград
BG342;3;BG;Sliven;Сливен
BG343;3;BG;Yambol;Ямбол
BG344;3;BG;Stara Zagora;Стара Загора
BG411;3;BG;Sofia (stolitsa);София (столица)
BG333;3;BG;Shumen;Шумен
BG334;3;BG;Targovishte;Търговище
BG341;3;BG;Burgas;Бургас
BG423;3;BG;Pazardzhik;Пазарджик
BG424;3;BG;Smolyan;Смолян
BG425;3;BG;Kardzhali;Кърджали
BG412;3;BG;Sofia;София
BG413;3;BG;Blagoevgrad;Благоевград
BG414;3;BG;Pernik;Перник
BG415;3;BG;Kyustendil;Кюстендил
BG421;3;BG;Plovdiv;Пловдив
BG422;3;BG;Haskovo;Хасково
CH;0;CH;Schweiz/Suisse/Svizzera;Schweiz/Suisse/Svizzera
CH0;1;CH;Schweiz/Suisse/Svizzera;Schweiz/Suisse/Svizzera
CH01;2;CH;Région lémanique;Région lémanique
CH02;2;CH;Espace Mittelland;Espace Mittelland
CH03;2;CH;Nordwestschweiz;Nordwestschweiz
CH04;2;CH;Zürich;Zürich
CH05;2;CH;Ostschweiz;Ostschweiz
CH06;2;CH;Zentralschweiz;Zentralschweiz
CH07;2;CH;Ticino;Ticino
CH013;3;CH;Genève;Genève
CH022;3;CH;Fribourg / Freiburg;Fribourg / Freiburg
CH023;3;CH;Solothurn;Solothurn
CH024;3;CH;Neuchâtel;Neuchâtel
CH025;3;CH;Jura;Jura
CH031;3;CH;Basel-Stadt;Basel-Stadt
CH021;3;CH;Bern / Berne;Bern / Berne
CH011;3;CH;Vaud;Vaud
CH012;3;CH;Valais / Wallis;Valais / Wallis
CH055;3;CH;St. Gallen;St. Gallen
CH056;3;CH;Graubünden / Grigioni / Grischun;Graubünden / Grigioni / Grischun
CH057;3;CH;Thurgau;Thurgau
CH032;3;CH;Basel-Landschaft;Basel-Landschaft
CH033;3;CH;Aargau;Aargau
CH040;3;CH;Zürich;Zürich
CH051;3;CH;Glarus;Glarus
CH052;3;CH;Schaffhausen;Schaffhausen
CH053;3;CH;Appenzell Ausserrhoden;Appenzell Ausserrhoden
CH054;3;CH;Appenzell Innerrhoden;Appenzell Innerrhoden
CH070;3;CH;Ticino;Ticino
CH061;3;CH;Luzern;Luzern
CH062;3;CH;Uri;Uri
CH063;3;CH;Schwyz;Schwyz
CH064;3;CH;Obwalden;Obwalden
CH065;3;CH;Nidwalden;Nidwalden
CH066;3;CH;Zug;Zug
CY;0;CY;Kýpros;Κύπρος 
CY0;1;CY;Kýpros;Κύπρος
CY00;2;CY;Kýpros;Κύπρος
CY000;3;CY;Kýpros;Κύπρος
CZ;0;CZ;Česko;Česko
CZ0;1;CZ;Česko;Česko
CZ02;2;CZ;Střední Čechy;Střední Čechy
CZ03;2;CZ;Jihozápad;Jihozápad
CZ04;2;CZ;Severozápad;Severozápad
CZ05;2;CZ;Severovýchod;Severovýchod
CZ06;2;CZ;Jihovýchod;Jihovýchod
CZ07;2;CZ;Střední Morava;Střední Morava
CZ08;2;CZ;Moravskoslezsko;Moravskoslezsko
CZ01;2;CZ;Praha;Praha
CZ020;3;CZ;Středočeský kraj;Středočeský kraj
CZ031;3;CZ;Jihočeský kraj;Jihočeský kraj
CZ010;3;CZ;Hlavní město Praha;Hlavní město Praha
CZ052;3;CZ;Královéhradecký kraj;Královéhradecký kraj
CZ053;3;CZ;Pardubický kraj;Pardubický kraj
CZ032;3;CZ;Plzeňský kraj;Plzeňský kraj
CZ041;3;CZ;Karlovarský kraj;Karlovarský kraj
CZ042;3;CZ;Ústecký kraj;Ústecký kraj
CZ051;3;CZ;Liberecký kraj;Liberecký kraj
CZ064;3;CZ;Jihomoravský kraj;Jihomoravský kraj
CZ080;3;CZ;Moravskoslezský kraj;Moravskoslezský kraj
CZ071;3;CZ;Olomoucký kraj;Olomoucký kraj
CZ072;3;CZ;Zlínský kraj;Zlínský kraj
CZ063;3;CZ;Kraj Vysočina;Kraj Vysočina
DE;0;DE;Deutschland;Deutschland
DEF;1;DE;Schleswig-Holstein;Schleswig-Holstein
DE2;1;DE;Bayern;Bayern
DE3;1;DE;Berlin;Berlin
DEG;1;DE;Thüringen;Thüringen
DE4;1;DE;Brandenburg;Brandenburg
DE5;1;DE;Bremen;Bremen
DE6;1;DE;Hamburg;Hamburg
DEA;1;DE;Nordrhein-Westfalen;Nordrhein-Westfalen
DE7;1;DE;Hessen;Hessen
DEB;1;DE;Rheinland-Pfalz;Rheinland-Pfalz
DEC;1;DE;Saarland;Saarland
DE8;1;DE;Mecklenburg-Vorpommern;Mecklenburg-Vorpommern
DED;1;DE;Sachsen;Sachsen
DE1;1;DE;Baden-Württemberg;Baden-Württemberg
DE9;1;DE;Niedersachsen;Niedersachsen
DEE;1;DE;Sachsen-Anhalt;Sachsen-Anhalt
DED4;2;DE;Chemnitz;Chemnitz
DED5;2;DE;Leipzig;Leipzig
DEE0;2;DE;Sachsen-Anhalt;Sachsen-Anhalt
DEF0;2;DE;Schleswig-Holstein;Schleswig-Holstein
DEA3;2;DE;Münster;Münster
DEA4;2;DE;Detmold;Detmold
DEG0;2;DE;Thüringen;Thüringen
DEA5;2;DE;Arnsberg;Arnsberg
DEB1;2;DE;Koblenz;Koblenz
DEB2;2;DE;Trier;Trier
DEB3;2;DE;Rheinhessen-Pfalz;Rheinhessen-Pfalz
DEC0;2;DE;Saarland;Saarland
DED2;2;DE;Dresden;Dresden
DE92;2;DE;Hannover;Hannover
DE24;2;DE;Oberfranken;Oberfranken
DE27;2;DE;Schwaben;Schwaben
DE30;2;DE;Berlin;Berlin
DE93;2;DE;Lüneburg;Lüneburg
DE25;2;DE;Mittelfranken;Mittelfranken
DEA2;2;DE;Köln;Köln
DE26;2;DE;Unterfranken;Unterfranken
DE40;2;DE;Brandenburg;Brandenburg
DE50;2;DE;Bremen;Bremen
DE60;2;DE;Hamburg;Hamburg
DE94;2;DE;Weser-Ems;Weser-Ems
DEA1;2;DE;Düsseldorf;Düsseldorf
DE13;2;DE;Freiburg;Freiburg
DE71;2;DE;Darmstadt;Darmstadt
DE72;2;DE;Gießen;Gießen
DE14;2;DE;Tübingen;Tübingen
DE73;2;DE;Kassel;Kassel
DE21;2;DE;Oberbayern;Oberbayern
DE80;2;DE;Mecklenburg-Vorpommern;Mecklenburg-Vorpommern
DE22;2;DE;Niederbayern;Niederbayern
DE11;2;DE;Stuttgart;Stuttgart
DE91;2;DE;Braunschweig;Braunschweig
DE23;2;DE;Oberpfalz;Oberpfalz
DE12;2;DE;Karlsruhe;Karlsruhe
DE111;3;DE;Stuttgart, Stadtkreis;Stuttgart, Stadtkreis
DE112;3;DE;Böblingen;Böblingen
DE113;3;DE;Esslingen;Esslingen
DE114;3;DE;Göppingen;Göppingen
DE115;3;DE;Ludwigsburg;Ludwigsburg
DE123;3;DE;Karlsruhe, Landkreis;Karlsruhe, Landkreis
DE124;3;DE;Rastatt;Rastatt
DE125;3;DE;Heidelberg, Stadtkreis;Heidelberg, Stadtkreis
DE126;3;DE;Mannheim, Stadtkreis;Mannheim, Stadtkreis
DE127;3;DE;Neckar-Odenwald-Kreis;Neckar-Odenwald-Kreis
DE128;3;DE;Rhein-Neckar-Kreis;Rhein-Neckar-Kreis
DE129;3;DE;Pforzheim, Stadtkreis;Pforzheim, Stadtkreis
DE116;3;DE;Rems-Murr-Kreis;Rems-Murr-Kreis
DE117;3;DE;Heilbronn, Stadtkreis;Heilbronn, Stadtkreis
DE118;3;DE;Heilbronn, Landkreis;Heilbronn, Landkreis
DE119;3;DE;Hohenlohekreis;Hohenlohekreis
DE11A;3;DE;Schwäbisch Hall;Schwäbisch Hall
DE11B;3;DE;Main-Tauber-Kreis;Main-Tauber-Kreis
DE11C;3;DE;Heidenheim;Heidenheim
DE11D;3;DE;Ostalbkreis;Ostalbkreis
DE121;3;DE;Baden-Baden, Stadtkreis;Baden-Baden, Stadtkreis
DE122;3;DE;Karlsruhe, Stadtkreis;Karlsruhe, Stadtkreis
DE133;3;DE;Emmendingen;Emmendingen
DE134;3;DE;Ortenaukreis;Ortenaukreis
DE13A;3;DE;Waldshut;Waldshut
DE141;3;DE;Reutlingen;Reutlingen
DE142;3;DE;Tübingen, Landkreis;Tübingen, Landkreis
DE143;3;DE;Zollernalbkreis;Zollernalbkreis
DE144;3;DE;Ulm, Stadtkreis;Ulm, Stadtkreis
DE145;3;DE;Alb-Donau-Kreis;Alb-Donau-Kreis
DE135;3;DE;Rottweil;Rottweil
DE136;3;DE;Schwarzwald-Baar-Kreis;Schwarzwald-Baar-Kreis
DE137;3;DE;Tuttlingen;Tuttlingen
DE138;3;DE;Konstanz;Konstanz
DE139;3;DE;Lörrach;Lörrach
DE12A;3;DE;Calw;Calw
DE12B;3;DE;Enzkreis;Enzkreis
DE12C;3;DE;Freudenstadt;Freudenstadt
DE131;3;DE;Freiburg im Breisgau, Stadtkreis;Freiburg im Breisgau, Stadtkreis
DE132;3;DE;Breisgau-Hochschwarzwald;Breisgau-Hochschwarzwald
DEA28;3;DE;Euskirchen;Euskirchen
DEA29;3;DE;Heinsberg;Heinsberg
DED53;3;DE;Nordsachsen;Nordsachsen
DEE01;3;DE;Dessau-Roßlau, Kreisfreie Stadt;Dessau-Roßlau, Kreisfreie Stadt
DEE02;3;DE;Halle (Saale), Kreisfreie Stadt;Halle (Saale), Kreisfreie Stadt
DEA5C;3;DE;Unna;Unna
DEB11;3;DE;Koblenz, Kreisfreie Stadt;Koblenz, Kreisfreie Stadt
DEB12;3;DE;Ahrweiler;Ahrweiler
DE927;3;DE;Nienburg (Weser);Nienburg (Weser)
DE928;3;DE;Schaumburg;Schaumburg
DEB23;3;DE;Eifelkreis Bitburg-Prüm;Eifelkreis Bitburg-Prüm
DEB24;3;DE;Vulkaneifel;Vulkaneifel
DEE03;3;DE;Magdeburg, Kreisfreie Stadt;Magdeburg, Kreisfreie Stadt
DEE04;3;DE;Altmarkkreis Salzwedel;Altmarkkreis Salzwedel
DEE05;3;DE;Anhalt-Bitterfeld;Anhalt-Bitterfeld
DEB13;3;DE;Altenkirchen (Westerwald);Altenkirchen (Westerwald)
DEB14;3;DE;Bad Kreuznach;Bad Kreuznach
DE929;3;DE;Region Hannover;Region Hannover
DE931;3;DE;Celle;Celle
DEB25;3;DE;Trier-Saarburg;Trier-Saarburg
DEB31;3;DE;Frankenthal (Pfalz), Kreisfreie Stadt;Frankenthal (Pfalz), Kreisfreie Stadt
DEB32;3;DE;Kaiserslautern, Kreisfreie Stadt;Kaiserslautern, Kreisfreie Stadt
DEB33;3;DE;Landau in der Pfalz, Kreisfreie Stadt;Landau in der Pfalz, Kreisfreie Stadt
DEB34;3;DE;Ludwigshafen am Rhein, Kreisfreie Stadt;Ludwigshafen am Rhein, Kreisfreie Stadt
DEE06;3;DE;Jerichower Land;Jerichower Land
DEE07;3;DE;Börde;Börde
DEB15;3;DE;Birkenfeld;Birkenfeld
DEB17;3;DE;Mayen-Koblenz;Mayen-Koblenz
DE932;3;DE;Cuxhaven;Cuxhaven
DE933;3;DE;Harburg;Harburg
DEB35;3;DE;Mainz, Kreisfreie Stadt;Mainz, Kreisfreie Stadt
DEB36;3;DE;Neustadt an der Weinstraße, Kreisfreie Stadt;Neustadt an der Weinstraße, Kreisfreie Stadt
DEB37;3;DE;Pirmasens, Kreisfreie Stadt;Pirmasens, Kreisfreie Stadt
DEB38;3;DE;Speyer, Kreisfreie Stadt;Speyer, Kreisfreie Stadt
DEB39;3;DE;Worms, Kreisfreie Stadt;Worms, Kreisfreie Stadt
DEB3A;3;DE;Zweibrücken, Kreisfreie Stadt;Zweibrücken, Kreisfreie Stadt
DEB3B;3;DE;Alzey-Worms;Alzey-Worms
DEE08;3;DE;Burgenlandkreis;Burgenlandkreis
DEE09;3;DE;Harz;Harz
DEB18;3;DE;Neuwied;Neuwied
DEB1A;3;DE;Rhein-Lahn-Kreis;Rhein-Lahn-Kreis
DE934;3;DE;Lüchow-Dannenberg;Lüchow-Dannenberg
DE935;3;DE;Lüneburg, Landkreis;Lüneburg, Landkreis
DEB3C;3;DE;Bad Dürkheim;Bad Dürkheim
DEB3D;3;DE;Donnersbergkreis;Donnersbergkreis
DEB3E;3;DE;Germersheim;Germersheim
DEE0D;3;DE;Stendal;Stendal
DEE0E;3;DE;Wittenberg;Wittenberg
DEF01;3;DE;Flensburg, Kreisfreie Stadt;Flensburg, Kreisfreie Stadt
DEB1B;3;DE;Westerwaldkreis;Westerwaldkreis
DEB1C;3;DE;Cochem-Zell;Cochem-Zell
DE936;3;DE;Osterholz;Osterholz
DE937;3;DE;Rotenburg (Wümme);Rotenburg (Wümme)
DEB3F;3;DE;Kaiserslautern, Landkreis;Kaiserslautern, Landkreis
DEB3G;3;DE;Kusel;Kusel
DEE0A;3;DE;Mansfeld-Südharz;Mansfeld-Südharz
DEB1D;3;DE;Rhein-Hunsrück-Kreis;Rhein-Hunsrück-Kreis
DEB21;3;DE;Trier, Kreisfreie Stadt;Trier, Kreisfreie Stadt
DEB22;3;DE;Bernkastel-Wittlich;Bernkastel-Wittlich
DE938;3;DE;Heidekreis;Heidekreis
DE939;3;DE;Stade;Stade
DEB3H;3;DE;Südliche Weinstraße;Südliche Weinstraße
DEB3I;3;DE;Rhein-Pfalz-Kreis;Rhein-Pfalz-Kreis
DEE0B;3;DE;Saalekreis;Saalekreis
DEE0C;3;DE;Salzlandkreis;Salzlandkreis
DE80L;3;DE;Vorpommern-Rügen;Vorpommern-Rügen
DE80M;3;DE;Nordwestmecklenburg;Nordwestmecklenburg
DE93A;3;DE;Uelzen;Uelzen
DE93B;3;DE;Verden;Verden
DE941;3;DE;Delmenhorst, Kreisfreie Stadt;Delmenhorst, Kreisfreie Stadt
DE942;3;DE;Emden, Kreisfreie Stadt;Emden, Kreisfreie Stadt
DE943;3;DE;Oldenburg (Oldenburg), Kreisfreie Stadt;Oldenburg (Oldenburg), Kreisfreie Stadt
DEB3J;3;DE;Mainz-Bingen;Mainz-Bingen
DEB3K;3;DE;Südwestpfalz;Südwestpfalz
DEA2A;3;DE;Oberbergischer Kreis;Oberbergischer Kreis
DEA2B;3;DE;Rheinisch-Bergischer Kreis;Rheinisch-Bergischer Kreis
DE944;3;DE;Osnabrück, Kreisfreie Stadt;Osnabrück, Kreisfreie Stadt
DE945;3;DE;Wilhelmshaven, Kreisfreie Stadt;Wilhelmshaven, Kreisfreie Stadt
DE946;3;DE;Ammerland;Ammerland
DE947;3;DE;Aurich;Aurich
DEC01;3;DE;Regionalverband Saarbrücken;Regionalverband Saarbrücken
DEC02;3;DE;Merzig-Wadern;Merzig-Wadern
DEC03;3;DE;Neunkirchen;Neunkirchen
DEC04;3;DE;Saarlouis;Saarlouis
DEA2C;3;DE;Rhein-Sieg-Kreis;Rhein-Sieg-Kreis
DEA2D;3;DE;Städteregion Aachen;Städteregion Aachen
DEA31;3;DE;Bottrop, Kreisfreie Stadt;Bottrop, Kreisfreie Stadt
DEA32;3;DE;Gelsenkirchen, Kreisfreie Stadt;Gelsenkirchen, Kreisfreie Stadt
DE80N;3;DE;Vorpommern-Greifswald;Vorpommern-Greifswald
DE80O;3;DE;Ludwigslust-Parchim;Ludwigslust-Parchim
DE948;3;DE;Cloppenburg;Cloppenburg
DE949;3;DE;Emsland;Emsland
DE94A;3;DE;Friesland (DE);Friesland (DE)
DEC05;3;DE;Saarpfalz-Kreis;Saarpfalz-Kreis
DEC06;3;DE;St. Wendel;St. Wendel
DED21;3;DE;Dresden, Kreisfreie Stadt;Dresden, Kreisfreie Stadt
DEA33;3;DE;Münster, Kreisfreie Stadt;Münster, Kreisfreie Stadt
DEA34;3;DE;Borken;Borken
DEA35;3;DE;Coesfeld;Coesfeld
DE911;3;DE;Braunschweig, Kreisfreie Stadt;Braunschweig, Kreisfreie Stadt
DE912;3;DE;Salzgitter, Kreisfreie Stadt;Salzgitter, Kreisfreie Stadt
DE913;3;DE;Wolfsburg, Kreisfreie Stadt;Wolfsburg, Kreisfreie Stadt
DE914;3;DE;Gifhorn;Gifhorn
DE94B;3;DE;Grafschaft Bentheim;Grafschaft Bentheim
DE94C;3;DE;Leer;Leer
DE94D;3;DE;Oldenburg, Landkreis;Oldenburg, Landkreis
DED2C;3;DE;Bautzen;Bautzen
DED2D;3;DE;Görlitz;Görlitz
DEA36;3;DE;Recklinghausen;Recklinghausen
DEA37;3;DE;Steinfurt;Steinfurt
DEA38;3;DE;Warendorf;Warendorf
DE916;3;DE;Goslar;Goslar
DE917;3;DE;Helmstedt;Helmstedt
DE94E;3;DE;Osnabrück, Landkreis;Osnabrück, Landkreis
DE94F;3;DE;Vechta;Vechta
DE94G;3;DE;Wesermarsch;Wesermarsch
DED2E;3;DE;Meißen;Meißen
DED2F;3;DE;Sächsische Schweiz-Osterzgebirge;Sächsische Schweiz-Osterzgebirge
DED41;3;DE;Chemnitz, Kreisfreie Stadt;Chemnitz, Kreisfreie Stadt
DEA41;3;DE;Bielefeld, Kreisfreie Stadt;Bielefeld, Kreisfreie Stadt
DEA42;3;DE;Gütersloh;Gütersloh
DEA43;3;DE;Herford;Herford
DEA44;3;DE;Höxter;Höxter
DE918;3;DE;Northeim;Northeim
DE91A;3;DE;Peine;Peine
DE91B;3;DE;Wolfenbüttel;Wolfenbüttel
DE94H;3;DE;Wittmund;Wittmund
DEA11;3;DE;Düsseldorf, Kreisfreie Stadt;Düsseldorf, Kreisfreie Stadt
DEA12;3;DE;Duisburg, Kreisfreie Stadt;Duisburg, Kreisfreie Stadt
DEA13;3;DE;Essen, Kreisfreie Stadt;Essen, Kreisfreie Stadt
DEA14;3;DE;Krefeld, Kreisfreie Stadt;Krefeld, Kreisfreie Stadt
DEA15;3;DE;Mönchengladbach, Kreisfreie Stadt;Mönchengladbach, Kreisfreie Stadt
DEA16;3;DE;Mülheim an der Ruhr, Kreisfreie Stadt;Mülheim an der Ruhr, Kreisfreie Stadt
DED42;3;DE;Erzgebirgskreis;Erzgebirgskreis
DEA45;3;DE;Lippe;Lippe
DEA46;3;DE;Minden-Lübbecke;Minden-Lübbecke
DEA47;3;DE;Paderborn;Paderborn
DE91C;3;DE;Göttingen;Göttingen
DEA17;3;DE;Oberhausen, Kreisfreie Stadt;Oberhausen, Kreisfreie Stadt
DEA18;3;DE;Remscheid, Kreisfreie Stadt;Remscheid, Kreisfreie Stadt
DEA19;3;DE;Solingen, Kreisfreie Stadt;Solingen, Kreisfreie Stadt
DEA1A;3;DE;Wuppertal, Kreisfreie Stadt;Wuppertal, Kreisfreie Stadt
DEA1B;3;DE;Kleve;Kleve
DEA1C;3;DE;Mettmann;Mettmann
DED43;3;DE;Mittelsachsen;Mittelsachsen
DEA51;3;DE;Bochum, Kreisfreie Stadt;Bochum, Kreisfreie Stadt
DEA52;3;DE;Dortmund, Kreisfreie Stadt;Dortmund, Kreisfreie Stadt
DEA53;3;DE;Hagen, Kreisfreie Stadt;Hagen, Kreisfreie Stadt
DEA54;3;DE;Hamm, Kreisfreie Stadt;Hamm, Kreisfreie Stadt
DEA55;3;DE;Herne, Kreisfreie Stadt;Herne, Kreisfreie Stadt
DEA56;3;DE;Ennepe-Ruhr-Kreis;Ennepe-Ruhr-Kreis
DE922;3;DE;Diepholz;Diepholz
DE923;3;DE;Hameln-Pyrmont;Hameln-Pyrmont
DEA1D;3;DE;Rhein-Kreis Neuss;Rhein-Kreis Neuss
DEA1E;3;DE;Viersen;Viersen
DEA1F;3;DE;Wesel;Wesel
DEA22;3;DE;Bonn, Kreisfreie Stadt;Bonn, Kreisfreie Stadt
DEA23;3;DE;Köln, Kreisfreie Stadt;Köln, Kreisfreie Stadt
DED44;3;DE;Vogtlandkreis;Vogtlandkreis
DED45;3;DE;Zwickau;Zwickau
DEA57;3;DE;Hochsauerlandkreis;Hochsauerlandkreis
DEA58;3;DE;Märkischer Kreis;Märkischer Kreis
DE925;3;DE;Hildesheim;Hildesheim
DE926;3;DE;Holzminden;Holzminden
DEA24;3;DE;Leverkusen, Kreisfreie Stadt;Leverkusen, Kreisfreie Stadt
DEA26;3;DE;Düren;Düren
DEA27;3;DE;Rhein-Erft-Kreis;Rhein-Erft-Kreis
DED51;3;DE;Leipzig, Kreisfreie Stadt;Leipzig, Kreisfreie Stadt
DED52;3;DE;Leipzig;Leipzig
DEA59;3;DE;Olpe;Olpe
DEA5A;3;DE;Siegen-Wittgenstein;Siegen-Wittgenstein
DEA5B;3;DE;Soest;Soest
DE257;3;DE;Erlangen-Höchstadt;Erlangen-Höchstadt
DE258;3;DE;Fürth, Landkreis;Fürth, Landkreis
DE733;3;DE;Hersfeld-Rotenburg;Hersfeld-Rotenburg
DE734;3;DE;Kassel, Landkreis;Kassel, Landkreis
DE27C;3;DE;Unterallgäu;Unterallgäu
DE27D;3;DE;Donau-Ries;Donau-Ries
DE226;3;DE;Kelheim;Kelheim
DE227;3;DE;Landshut, Landkreis;Landshut, Landkreis
DE407;3;DE;Elbe-Elster;Elbe-Elster
DE408;3;DE;Havelland;Havelland
DE735;3;DE;Schwalm-Eder-Kreis;Schwalm-Eder-Kreis
DE736;3;DE;Waldeck-Frankenberg;Waldeck-Frankenberg
DE27E;3;DE;Oberallgäu;Oberallgäu
DE300;3;DE;Berlin;Berlin
DE228;3;DE;Passau, Landkreis;Passau, Landkreis
DE229;3;DE;Regen;Regen
DE409;3;DE;Märkisch-Oderland;Märkisch-Oderland
DE40A;3;DE;Oberhavel;Oberhavel
DE737;3;DE;Werra-Meißner-Kreis;Werra-Meißner-Kreis
DE803;3;DE;Rostock, Kreisfreie Stadt;Rostock, Kreisfreie Stadt
DE804;3;DE;Schwerin, Kreisfreie Stadt;Schwerin, Kreisfreie Stadt
DE401;3;DE;Brandenburg an der Havel, Kreisfreie Stadt;Brandenburg an der Havel, Kreisfreie Stadt
DE402;3;DE;Cottbus, Kreisfreie Stadt;Cottbus, Kreisfreie Stadt
DE403;3;DE;Frankfurt (Oder), Kreisfreie Stadt;Frankfurt (Oder), Kreisfreie Stadt
DE404;3;DE;Potsdam, Kreisfreie Stadt;Potsdam, Kreisfreie Stadt
DE22A;3;DE;Rottal-Inn;Rottal-Inn
DE22B;3;DE;Straubing-Bogen;Straubing-Bogen
DE40B;3;DE;Oberspreewald-Lausitz;Oberspreewald-Lausitz
DE40C;3;DE;Oder-Spree;Oder-Spree
DE80J;3;DE;Mecklenburgische Seenplatte;Mecklenburgische Seenplatte
DE405;3;DE;Barnim;Barnim
DE22C;3;DE;Dingolfing-Landau;Dingolfing-Landau
DE231;3;DE;Amberg, Kreisfreie Stadt;Amberg, Kreisfreie Stadt
DE232;3;DE;Regensburg, Kreisfreie Stadt;Regensburg, Kreisfreie Stadt
DE233;3;DE;Weiden i. d. Opf, Kreisfreie Stadt;Weiden i. d. Opf, Kreisfreie Stadt
DE40D;3;DE;Ostprignitz-Ruppin;Ostprignitz-Ruppin
DE406;3;DE;Dahme-Spreewald;Dahme-Spreewald
DE234;3;DE;Amberg-Sulzbach;Amberg-Sulzbach
DE235;3;DE;Cham;Cham
DE40E;3;DE;Potsdam-Mittelmark;Potsdam-Mittelmark
DE80K;3;DE;Landkreis Rostock;Landkreis Rostock
DE146;3;DE;Biberach;Biberach
DE147;3;DE;Bodenseekreis;Bodenseekreis
DE236;3;DE;Neumarkt i. d. OPf.;Neumarkt i. d. OPf.
DE40F;3;DE;Prignitz;Prignitz
DE40G;3;DE;Spree-Neiße;Spree-Neiße
DE259;3;DE;Nürnberger Land;Nürnberger Land
DE25A;3;DE;Neustadt a. d. Aisch-Bad Windsheim;Neustadt a. d. Aisch-Bad Windsheim
DE148;3;DE;Ravensburg;Ravensburg
DE149;3;DE;Sigmaringen;Sigmaringen
DE237;3;DE;Neustadt a. d. Waldnaab;Neustadt a. d. Waldnaab
DE40H;3;DE;Teltow-Fläming;Teltow-Fläming
DE25B;3;DE;Roth;Roth
DE25C;3;DE;Weißenburg-Gunzenhausen;Weißenburg-Gunzenhausen
DE261;3;DE;Aschaffenburg, Kreisfreie Stadt;Aschaffenburg, Kreisfreie Stadt
DE262;3;DE;Schweinfurt, Kreisfreie Stadt;Schweinfurt, Kreisfreie Stadt
DE211;3;DE;Ingolstadt, Kreisfreie Stadt;Ingolstadt, Kreisfreie Stadt
DE212;3;DE;München, Kreisfreie Stadt;München, Kreisfreie Stadt
DE213;3;DE;Rosenheim, Kreisfreie Stadt;Rosenheim, Kreisfreie Stadt
DE214;3;DE;Altötting;Altötting
DE215;3;DE;Berchtesgadener Land;Berchtesgadener Land
DE238;3;DE;Regensburg, Landkreis;Regensburg, Landkreis
DE40I;3;DE;Uckermark;Uckermark
DE501;3;DE;Bremen, Kreisfreie Stadt;Bremen, Kreisfreie Stadt
DE502;3;DE;Bremerhaven, Kreisfreie Stadt;Bremerhaven, Kreisfreie Stadt
DE263;3;DE;Würzburg, Kreisfreie Stadt;Würzburg, Kreisfreie Stadt
DE264;3;DE;Aschaffenburg, Landkreis;Aschaffenburg, Landkreis
DE265;3;DE;Bad Kissingen;Bad Kissingen
DE216;3;DE;Bad Tölz-Wolfratshausen;Bad Tölz-Wolfratshausen
DE217;3;DE;Dachau;Dachau
DE218;3;DE;Ebersberg;Ebersberg
DE239;3;DE;Schwandorf;Schwandorf
DE23A;3;DE;Tirschenreuth;Tirschenreuth
DE241;3;DE;Bamberg, Kreisfreie Stadt;Bamberg, Kreisfreie Stadt
DE600;3;DE;Hamburg;Hamburg
DE711;3;DE;Darmstadt, Kreisfreie Stadt;Darmstadt, Kreisfreie Stadt
DE712;3;DE;Frankfurt am Main, Kreisfreie Stadt;Frankfurt am Main, Kreisfreie Stadt
DE713;3;DE;Offenbach am Main, Kreisfreie Stadt;Offenbach am Main, Kreisfreie Stadt
DE714;3;DE;Wiesbaden, Kreisfreie Stadt;Wiesbaden, Kreisfreie Stadt
DE266;3;DE;Rhön-Grabfeld;Rhön-Grabfeld
DE267;3;DE;Haßberge;Haßberge
DE219;3;DE;Eichstätt;Eichstätt
DE21A;3;DE;Erding;Erding
DE21B;3;DE;Freising;Freising
DE242;3;DE;Bayreuth, Kreisfreie Stadt;Bayreuth, Kreisfreie Stadt
DE243;3;DE;Coburg, Kreisfreie Stadt;Coburg, Kreisfreie Stadt
DE244;3;DE;Hof, Kreisfreie Stadt;Hof, Kreisfreie Stadt
DE245;3;DE;Bamberg, Landkreis;Bamberg, Landkreis
DE715;3;DE;Bergstraße;Bergstraße
DE716;3;DE;Darmstadt-Dieburg;Darmstadt-Dieburg
DE717;3;DE;Groß-Gerau;Groß-Gerau
DE268;3;DE;Kitzingen;Kitzingen
DE269;3;DE;Miltenberg;Miltenberg
DE21C;3;DE;Fürstenfeldbruck;Fürstenfeldbruck
DE21D;3;DE;Garmisch-Partenkirchen;Garmisch-Partenkirchen
DE21E;3;DE;Landsberg am Lech;Landsberg am Lech
DE246;3;DE;Bayreuth, Landkreis;Bayreuth, Landkreis
DE718;3;DE;Hochtaunuskreis;Hochtaunuskreis
DE719;3;DE;Main-Kinzig-Kreis;Main-Kinzig-Kreis
DE71A;3;DE;Main-Taunus-Kreis;Main-Taunus-Kreis
DE26A;3;DE;Main-Spessart;Main-Spessart
DE26B;3;DE;Schweinfurt, Landkreis;Schweinfurt, Landkreis
DE21F;3;DE;Miesbach;Miesbach
DE21G;3;DE;Mühldorf a. Inn;Mühldorf a. Inn
DE21H;3;DE;München, Landkreis;München, Landkreis
DE247;3;DE;Coburg, Landkreis;Coburg, Landkreis
DE248;3;DE;Forchheim;Forchheim
DE71B;3;DE;Odenwaldkreis;Odenwaldkreis
DE71C;3;DE;Offenbach, Landkreis;Offenbach, Landkreis
DE71D;3;DE;Rheingau-Taunus-Kreis;Rheingau-Taunus-Kreis
DE26C;3;DE;Würzburg, Landkreis;Würzburg, Landkreis
DE271;3;DE;Augsburg, Kreisfreie Stadt;Augsburg, Kreisfreie Stadt
DE272;3;DE;Kaufbeuren, Kreisfreie Stadt;Kaufbeuren, Kreisfreie Stadt
DE273;3;DE;Kempten (Allgäu), Kreisfreie Stadt;Kempten (Allgäu), Kreisfreie Stadt
DE274;3;DE;Memmingen, Kreisfreie Stadt;Memmingen, Kreisfreie Stadt
DE21I;3;DE;Neuburg-Schrobenhausen;Neuburg-Schrobenhausen
DE21J;3;DE;Pfaffenhofen a. d. Ilm;Pfaffenhofen a. d. Ilm
DE249;3;DE;Hof, Landkreis;Hof, Landkreis
DE24A;3;DE;Kronach;Kronach
DE71E;3;DE;Wetteraukreis;Wetteraukreis
DE721;3;DE;Gießen, Landkreis;Gießen, Landkreis
DE275;3;DE;Aichach-Friedberg;Aichach-Friedberg
DE276;3;DE;Augsburg, Landkreis;Augsburg, Landkreis
DE21K;3;DE;Rosenheim, Landkreis;Rosenheim, Landkreis
DE21L;3;DE;Starnberg;Starnberg
DE24B;3;DE;Kulmbach;Kulmbach
DE24C;3;DE;Lichtenfels;Lichtenfels
DE24D;3;DE;Wunsiedel i. Fichtelgebirge;Wunsiedel i. Fichtelgebirge
DE251;3;DE;Ansbach, Kreisfreie Stadt;Ansbach, Kreisfreie Stadt
DE722;3;DE;Lahn-Dill-Kreis;Lahn-Dill-Kreis
DE723;3;DE;Limburg-Weilburg;Limburg-Weilburg
DE724;3;DE;Marburg-Biedenkopf;Marburg-Biedenkopf
DE277;3;DE;Dillingen a.d. Donau;Dillingen a.d. Donau
DE278;3;DE;Günzburg;Günzburg
DE279;3;DE;Neu-Ulm;Neu-Ulm
DE21M;3;DE;Traunstein;Traunstein
DE21N;3;DE;Weilheim-Schongau;Weilheim-Schongau
DE221;3;DE;Landshut, Kreisfreie Stadt;Landshut, Kreisfreie Stadt
DE252;3;DE;Erlangen, Kreisfreie Stadt;Erlangen, Kreisfreie Stadt
DE253;3;DE;Fürth, Kreisfreie Stadt;Fürth, Kreisfreie Stadt
DE254;3;DE;Nürnberg, Kreisfreie Stadt;Nürnberg, Kreisfreie Stadt
DE255;3;DE;Schwabach, Kreisfreie Stadt;Schwabach, Kreisfreie Stadt
DE725;3;DE;Vogelsbergkreis;Vogelsbergkreis
DE731;3;DE;Kassel, Kreisfreie Stadt;Kassel, Kreisfreie Stadt
DE732;3;DE;Fulda;Fulda
DE27A;3;DE;Lindau (Bodensee);Lindau (Bodensee)
DE27B;3;DE;Ostallgäu;Ostallgäu
DE222;3;DE;Passau, Kreisfreie Stadt;Passau, Kreisfreie Stadt
DE223;3;DE;Straubing, Kreisfreie Stadt;Straubing, Kreisfreie Stadt
DE224;3;DE;Deggendorf;Deggendorf
DE225;3;DE;Freyung-Grafenau;Freyung-Grafenau
DE256;3;DE;Ansbach, Landkreis;Ansbach, Landkreis
DEG0G;3;DE;Weimarer Land;Weimarer Land
DEG0J;3;DE;Saale-Holzland-Kreis;Saale-Holzland-Kreis
DEG0K;3;DE;Saale-Orla-Kreis;Saale-Orla-Kreis
DEG0L;3;DE;Greiz;Greiz
DEG0M;3;DE;Altenburger Land;Altenburger Land
DEG0Q;3;DE;Schmalkalden-Meiningen;Schmalkalden-Meiningen
DEG0R;3;DE;Wartburgkreis;Wartburgkreis
DEG0S;3;DE;Suhl, Kreisfreie Stadt;Suhl, Kreisfreie Stadt
DEG0T;3;DE;Ilm-Kreis;Ilm-Kreis
DEG0U;3;DE;Saalfeld-Rudolstadt;Saalfeld-Rudolstadt
DEF02;3;DE;Kiel, Kreisfreie Stadt;Kiel, Kreisfreie Stadt
DEF03;3;DE;Lübeck, Kreisfreie Stadt;Lübeck, Kreisfreie Stadt
DEF04;3;DE;Neumünster, Kreisfreie Stadt;Neumünster, Kreisfreie Stadt
DEF05;3;DE;Dithmarschen;Dithmarschen
DEG0V;3;DE;Sonneberg;Sonneberg
DEF06;3;DE;Herzogtum Lauenburg;Herzogtum Lauenburg
DEF07;3;DE;Nordfriesland;Nordfriesland
DEF08;3;DE;Ostholstein;Ostholstein
DEF09;3;DE;Pinneberg;Pinneberg
DEF0A;3;DE;Plön;Plön
DEF0B;3;DE;Rendsburg-Eckernförde;Rendsburg-Eckernförde
DEF0C;3;DE;Schleswig-Flensburg;Schleswig-Flensburg
DEF0D;3;DE;Segeberg;Segeberg
DEF0E;3;DE;Steinburg;Steinburg
DEF0F;3;DE;Stormarn;Stormarn
DEG01;3;DE;Erfurt, Kreisfreie Stadt;Erfurt, Kreisfreie Stadt
DEG02;3;DE;Gera, Kreisfreie Stadt;Gera, Kreisfreie Stadt
DEG03;3;DE;Jena, Kreisfreie Stadt;Jena, Kreisfreie Stadt
DEG05;3;DE;Weimar, Kreisfreie Stadt;Weimar, Kreisfreie Stadt
DEG06;3;DE;Eichsfeld;Eichsfeld
DEG07;3;DE;Nordhausen;Nordhausen
DEG09;3;DE;Unstrut-Hainich-Kreis;Unstrut-Hainich-Kreis
DEG0A;3;DE;Kyffhäuserkreis;Kyffhäuserkreis
DEG0C;3;DE;Gotha;Gotha
DEG0D;3;DE;Sömmerda;Sömmerda
DEG0E;3;DE;Hildburghausen;Hildburghausen
DK;0;DK;Danmark;Danmark
DK0;1;DK;Danmark;Danmark
DK04;2;DK;Midtjylland;Midtjylland
DK01;2;DK;Hovedstaden;Hovedstaden
DK05;2;DK;Nordjylland;Nordjylland
DK02;2;DK;Sjælland;Sjælland
DK03;2;DK;Syddanmark;Syddanmark
DK042;3;DK;Østjylland;Østjylland
DK011;3;DK;Byen København;Byen København
DK012;3;DK;Københavns omegn;Københavns omegn
DK013;3;DK;Nordsjælland;Nordsjælland
DK014;3;DK;Bornholm;Bornholm
DK021;3;DK;Østsjælland;Østsjælland
DK050;3;DK;Nordjylland;Nordjylland
DK022;3;DK;Vest- og Sydsjælland;Vest- og Sydsjælland
DK031;3;DK;Fyn;Fyn
DK032;3;DK;Sydjylland;Sydjylland
DK041;3;DK;Vestjylland;Vestjylland
EE;0;EE;Eesti;Eesti
EE0;1;EE;Eesti;Eesti
EE00;2;EE;Eesti;Eesti
EE001;3;EE;Põhja-Eesti;Põhja-Eesti
EE008;3;EE;Lõuna-Eesti;Lõuna-Eesti
EE004;3;EE;Lääne-Eesti;Lääne-Eesti
EE009;3;EE;Kesk-Eesti;Kesk-Eesti
EE00A;3;EE;Kirde-Eesti;Kirde-Eesti
EL;0;EL;Elláda;Ελλάδα 
EL4;1;EL;Nisia Aigaiou, Kriti;Νησιά Αιγαίου, Κρήτη
EL3;1;EL;Attiki;Αττική
EL5;1;EL;Voreia Elláda;Βόρεια Ελλάδα
EL6;1;EL;Kentriki Elláda;Κεντρική Ελλάδα
EL63;2;EL;Dytiki Elláda;Δυτική Ελλάδα
EL41;2;EL;Voreio Aigaio;Βόρειο Αιγαίο
EL42;2;EL;Notio Aigaio;Νότιο Αιγαίο
EL43;2;EL;Kriti;Κρήτη
EL64;2;EL;Sterea Elláda;Στερεά Ελλάδα
EL51;2;EL;Anatoliki Makedonia, Thraki;Aνατολική Μακεδονία, Θράκη
EL65;2;EL;Peloponnisos;Πελοπόννησος
EL52;2;EL;Kentriki Makedonia;Κεντρική Μακεδονία
EL53;2;EL;Dytiki Makedonia;Δυτική Μακεδονία
EL54;2;EL;Ipeiros;Ήπειρος
EL61;2;EL;Thessalia;Θεσσαλία
EL62;2;EL;Ionia Nisia;Ιόνια Νησιά
EL30;2;EL;Attiki;Aττική
EL642;3;EL;Evvoia;Εύβοια
EL643;3;EL;Evrytania;Ευρυτανία
EL644;3;EL;Fthiotida;Φθιώτιδα
EL645;3;EL;Fokida;Φωκίδα
EL651;3;EL;Argolida, Arkadia;Αργολίδα, Αρκαδία
EL652;3;EL;Korinthia;Κορινθία
EL611;3;EL;Karditsa, Trikala;Καρδίτσα, Τρίκαλα
EL612;3;EL;Larisa;Λάρισα
EL653;3;EL;Lakonia, Messinia;Λακωνία, Μεσσηνία
EL613;3;EL;Magnisia, Sporades;Μαγνησία, Σποράδες
EL621;3;EL;Zakynthos;Ζάκυνθος
EL622;3;EL;Kerkyra;Κέρκυρα
EL623;3;EL;Ithaki, Kefallinia;Ιθάκη, Κεφαλληνία
EL624;3;EL;Lefkada;Λευκάδα
EL631;3;EL;Aitoloakarnania;Αιτωλοακαρνανία
EL632;3;EL;Achaia;Αχαΐα
EL633;3;EL;Ileia;Ηλεία
EL641;3;EL;Voiotia;Βοιωτία
EL527;3;EL;Chalkidiki;Χαλκιδική
EL531;3;EL;Grevena, Kozani;Γρεβενά, Κοζάνη
EL307;3;EL;Peiraias, Nisoi;Πειραιάς, Νήσοι
EL421;3;EL;Kalymnos, Karpathos, Kasos, Kos, Rodos;Κάλυμνος, Κάρπαθος – Ηρωική Νήσος Κάσος, Κως, Ρόδος
EL532;3;EL;Kastoria;Καστοριά
EL533;3;EL;Florina;Φλώρινα
EL411;3;EL;Lesvos, Limnos;Λέσβος, Λήμνος
EL541;3;EL;Arta, Preveza;Άρτα, Πρέβεζα
EL412;3;EL;Ikaria, Samos;Ικαρία, Σάμος
EL413;3;EL;Chios;Χίος
EL543;3;EL;Ioannina;Ιωάννινα
EL422;3;EL;Andros, Thira, Kea - Kythnos, Milos, Mykonos, Naxos, Paros,  Syros, Tinos;Άνδρος, Θήρα, Κέα - Κύθνος, Μήλος, Μύκονος, Νάξος, Πάρος, Σύρος, Τήνος
EL542;3;EL;Thesprotia;Θεσπρωτία
EL431;3;EL;Irakleio;Ηράκλειο
EL432;3;EL;Lasithi;Λασίθι
EL433;3;EL;Rethymni;Ρέθυμνο
EL434;3;EL;Chania;Χανιά
EL511;3;EL;Evros;Έβρος
EL512;3;EL;Xanthi;Ξάνθη
EL513;3;EL;Rodopi;Ροδόπη
EL514;3;EL;Drama;Δράμα
EL515;3;EL;Thasos, Kavala;Θάσος, Καβάλα
EL521;3;EL;Imathia;Ημαθία
EL522;3;EL;Thessaloniki;Θεσσαλονίκη
EL523;3;EL;Kilkis;Κιλκίς
EL524;3;EL;Pella;Πέλλα
EL301;3;EL;Voreios Tomeas Athinon;Βόρειος Τομέας Αθηνών
EL302;3;EL;Dytikos Tomeas Athinon;Δυτικός Τομέας Αθηνών
EL303;3;EL;Kentrikos Tomeas Athinon;Κεντρικός Τομέας Αθηνών
EL304;3;EL;Notios Tomeas Athinon;Νότιος Τομέας Αθηνών
EL525;3;EL;Pieria;Πιερία
EL526;3;EL;Serres;Σέρρες
EL305;3;EL;Anatoliki Attiki;Ανατολική Αττική
EL306;3;EL;Dytiki Attiki;Δυτική Αττική
ES;0;ES;España;España
ES4;1;ES;Centro (ES);Centro (ES)
ES5;1;ES;Este;Este
ES1;1;ES;Noroeste;Noroeste
ES2;1;ES;Noreste;Noreste
ES3;1;ES;Comunidad de Madrid;Comunidad de Madrid
ES6;1;ES;Sur;Sur
ES7;1;ES;Canarias;Canarias
ES52;2;ES;Comunitat Valenciana;Comunitat Valenciana
ES24;2;ES;Aragón;Aragón
ES30;2;ES;Comunidad de Madrid;Comunidad de Madrid
ES11;2;ES;Galicia;Galicia
ES41;2;ES;Castilla y León;Castilla y León
ES53;2;ES;Illes Balears;Illes Balears
ES12;2;ES;Principado de Asturias;Principado de Asturias
ES13;2;ES;Cantabria;Cantabria
ES61;2;ES;Andalucía;Andalucía
ES62;2;ES;Región de Murcia;Región de Murcia
ES63;2;ES;Ciudad de Ceuta;Ciudad de Ceuta
ES64;2;ES;Ciudad de Melilla;Ciudad de Melilla
ES42;2;ES;Castilla-La Mancha;Castilla-La Mancha
ES21;2;ES;País Vasco;País Vasco
ES70;2;ES;Canarias;Canarias
ES43;2;ES;Extremadura;Extremadura
ES22;2;ES;Comunidad Foral de Navarra;Comunidad Foral de Navarra
ES23;2;ES;La Rioja;La Rioja
ES51;2;ES;Cataluña;Cataluña
ES120;3;ES;Asturias;Asturias
ES423;3;ES;Cuenca;Cuenca
ES243;3;ES;Zaragoza;Zaragoza
ES413;3;ES;León;León
ES424;3;ES;Guadalajara;Guadalajara
ES300;3;ES;Madrid;Madrid
ES411;3;ES;Ávila;Ávila
ES414;3;ES;Palencia;Palencia
ES415;3;ES;Salamanca;Salamanca
ES412;3;ES;Burgos;Burgos
ES416;3;ES;Segovia;Segovia
ES425;3;ES;Toledo;Toledo
ES130;3;ES;Cantabria;Cantabria
ES417;3;ES;Soria;Soria
ES211;3;ES;Araba/Álava;Araba/Álava
ES212;3;ES;Gipuzkoa;Gipuzkoa
ES213;3;ES;Bizkaia;Bizkaia
ES111;3;ES;A Coruña;A Coruña
ES418;3;ES;Valladolid;Valladolid
ES112;3;ES;Lugo;Lugo
ES220;3;ES;Navarra;Navarra
ES230;3;ES;La Rioja;La Rioja
ES113;3;ES;Ourense;Ourense
ES419;3;ES;Zamora;Zamora
ES421;3;ES;Albacete;Albacete
ES241;3;ES;Huesca;Huesca
ES114;3;ES;Pontevedra;Pontevedra
ES422;3;ES;Ciudad Real;Ciudad Real
ES242;3;ES;Teruel;Teruel
ES532;3;ES;Mallorca;Mallorca
ES533;3;ES;Menorca;Menorca
ES611;3;ES;Almería;Almería
ES612;3;ES;Cádiz;Cádiz
ES613;3;ES;Córdoba;Córdoba
ES614;3;ES;Granada;Granada
ES431;3;ES;Badajoz;Badajoz
ES615;3;ES;Huelva;Huelva
ES616;3;ES;Jaén;Jaén
ES432;3;ES;Cáceres;Cáceres
ES617;3;ES;Málaga;Málaga
ES511;3;ES;Barcelona;Barcelona
ES512;3;ES;Girona;Girona
ES618;3;ES;Sevilla;Sevilla
ES620;3;ES;Murcia;Murcia
ES630;3;ES;Ceuta;Ceuta
ES640;3;ES;Melilla;Melilla
ES703;3;ES;El Hierro;El Hierro
ES704;3;ES;Fuerteventura;Fuerteventura
ES705;3;ES;Gran Canaria;Gran Canaria
ES706;3;ES;La Gomera;La Gomera
ES707;3;ES;La Palma;La Palma
ES513;3;ES;Lleida;Lleida
ES514;3;ES;Tarragona;Tarragona
ES708;3;ES;Lanzarote;Lanzarote
ES709;3;ES;Tenerife;Tenerife
ES521;3;ES;Alicante/Alacant;Alicante/Alacant
ES522;3;ES;Castellón/Castelló;Castellón/Castelló
ES523;3;ES;Valencia/València;Valencia/València
ES531;3;ES;Eivissa y Formentera;Eivissa y Formentera
FI;0;FI;Suomi/Finland;Suomi/Finland
FI1;1;FI;Manner-Suomi;Manner-Suomi
FI2;1;FI;Åland;Åland
FI19;2;FI;Länsi-Suomi;Länsi-Suomi
FI1B;2;FI;Helsinki-Uusimaa;Helsinki-Uusimaa
FI1C;2;FI;Etelä-Suomi;Etelä-Suomi
FI1D;2;FI;Pohjois- ja Itä-Suomi;Pohjois- ja Itä-Suomi
FI20;2;FI;Åland;Åland
FI1D7;3;FI;Lappi;Lappi
FI1D8;3;FI;Kainuu;Kainuu
FI200;3;FI;Åland;Åland
FI1D9;3;FI;Pohjois-Pohjanmaa;Pohjois-Pohjanmaa
FI1DA;3;FI;Etelä-Savo;Etelä-Savo
FI1DB;3;FI;Pohjois-Savo;Pohjois-Savo
FI1DC;3;FI;Pohjois-Karjala;Pohjois-Karjala
FI1C7;3;FI;Kymenlaakso;Kymenlaakso
FI1D5;3;FI;Keski-Pohjanmaa;Keski-Pohjanmaa
FI1B1;3;FI;Helsinki-Uusimaa;Helsinki-Uusimaa
FI1C1;3;FI;Varsinais-Suomi;Varsinais-Suomi
FI1C2;3;FI;Kanta-Häme;Kanta-Häme
FI19A;3;FI;Pohjanmaa;Pohjanmaa
FI19B;3;FI;Pirkanmaa;Pirkanmaa
FI196;3;FI;Satakunta;Satakunta
FI1C5;3;FI;Etelä-Karjala;Etelä-Karjala
FI198;3;FI;Keski-Suomi;Keski-Suomi
FI1C6;3;FI;Päijät-Häme;Päijät-Häme
FI199;3;FI;Etelä-Pohjanmaa;Etelä-Pohjanmaa
FR;0;FR;France;France
FRC;1;FR;Bourgogne-Franche-Comté;Bourgogne-Franche-Comté
FRK;1;FR;Auvergne-Rhône-Alpes;Auvergne-Rhône-Alpes
FRF;1;FR;Grand Est;Grand Est
FRH;1;FR;Bretagne;Bretagne
FRI;1;FR;Nouvelle-Aquitaine;Nouvelle-Aquitaine
FRL;1;FR;Provence-Alpes-Côte d’Azur;Provence-Alpes-Côte d’Azur
FRG;1;FR;Pays de la Loire;Pays de la Loire
FRM;1;FR;Corse;Corse
FR1;1;FR;Ile-de-France;Ile-de-France
FRJ;1;FR;Occitanie;Occitanie
FRD;1;FR;Normandie;Normandie
FRB;1;FR;Centre — Val de Loire;Centre — Val de Loire
FRE;1;FR;Hauts-de-France;Hauts-de-France
FRY;1;FR;RUP FR — Régions Ultrapériphériques Françaises;RUP FR — Régions Ultrapériphériques Françaises
FRB0;2;FR;Centre — Val de Loire;Centre — Val de Loire
FRF1;2;FR;Alsace;Alsace
FRE1;2;FR;Nord-Pas de Calais;Nord-Pas de Calais
FRI1;2;FR;Aquitaine;Aquitaine
FRF2;2;FR;Champagne-Ardenne;Champagne-Ardenne
FRE2;2;FR;Picardie;Picardie
FRI2;2;FR;Limousin;Limousin
FRF3;2;FR;Lorraine;Lorraine
FRC1;2;FR;Bourgogne;Bourgogne
FRG0;2;FR;Pays de la Loire;Pays de la Loire
FRC2;2;FR;Franche-Comté;Franche-Comté
FR10;2;FR;Ile-de-France;Ile-de-France
FRD1;2;FR;Basse-Normandie;Basse-Normandie
FRH0;2;FR;Bretagne;Bretagne
FRI3;2;FR;Poitou-Charentes;Poitou-Charentes
FRD2;2;FR;Haute-Normandie;Haute-Normandie
FRK2;2;FR;Rhône-Alpes;Rhône-Alpes
FRL0;2;FR;Provence-Alpes-Côte d’Azur;Provence-Alpes-Côte d’Azur
FRJ1;2;FR;Languedoc-Roussillon;Languedoc-Roussillon
FRM0;2;FR;Corse;Corse
FRY1;2;FR;Guadeloupe;Guadeloupe
FRY2;2;FR;Martinique;Martinique
FRY3;2;FR;Guyane;Guyane
FRY4;2;FR;La Réunion;La Réunion
FRJ2;2;FR;Midi-Pyrénées;Midi-Pyrénées
FRY5;2;FR;Mayotte;Mayotte
FRK1;2;FR;Auvergne;Auvergne
FRB01;3;FR;Cher;Cher
FRE21;3;FR;Aisne;Aisne
FRC12;3;FR;Nièvre;Nièvre
FRC21;3;FR;Doubs;Doubs
FRC22;3;FR;Jura;Jura
FRE22;3;FR;Oise;Oise
FRC13;3;FR;Saône-et-Loire;Saône-et-Loire
FRC23;3;FR;Haute-Saône;Haute-Saône
FRC24;3;FR;Territoire de Belfort;Territoire de Belfort
FRF12;3;FR;Haut-Rhin;Haut-Rhin
FRC14;3;FR;Yonne;Yonne
FRD11;3;FR;Calvados;Calvados
FRE23;3;FR;Somme;Somme
FRD12;3;FR;Manche;Manche
FRF11;3;FR;Bas-Rhin;Bas-Rhin
FRB02;3;FR;Eure-et-Loir;Eure-et-Loir
FRD13;3;FR;Orne;Orne
FRB03;3;FR;Indre;Indre
FRB04;3;FR;Indre-et-Loire;Indre-et-Loire
FR101;3;FR;Paris;Paris
FRD21;3;FR;Eure;Eure
FRD22;3;FR;Seine-Maritime;Seine-Maritime
FRB05;3;FR;Loir-et-Cher;Loir-et-Cher
FR102;3;FR;Seine-et-Marne;Seine-et-Marne
FR103;3;FR;Yvelines;Yvelines
FRE11;3;FR;Nord;Nord
FR104;3;FR;Essonne;Essonne
FR105;3;FR;Hauts-de-Seine;Hauts-de-Seine
FRB06;3;FR;Loiret;Loiret
FR106;3;FR;Seine-Saint-Denis;Seine-Saint-Denis
FR107;3;FR;Val-de-Marne;Val-de-Marne
FRE12;3;FR;Pas-de-Calais;Pas-de-Calais
FR108;3;FR;Val-d’Oise;Val-d’Oise
FRC11;3;FR;Côte-d’Or;Côte-d’Or
FRY10;3;FR;Guadeloupe;Guadeloupe
FRK24;3;FR;Isère;Isère
FRK25;3;FR;Loire;Loire
FRK26;3;FR;Rhône;Rhône
FRK27;3;FR;Savoie;Savoie
FRK28;3;FR;Haute-Savoie;Haute-Savoie
FRK12;3;FR;Cantal;Cantal
FRY20;3;FR;Martinique;Martinique
FRK13;3;FR;Haute-Loire;Haute-Loire
FRL01;3;FR;Alpes-de-Haute-Provence;Alpes-de-Haute-Provence
FRY30;3;FR;Guyane;Guyane
FRY40;3;FR;La Réunion;La Réunion
FRK14;3;FR;Puy-de-Dôme;Puy-de-Dôme
FRL02;3;FR;Hautes-Alpes;Hautes-Alpes
FRL03;3;FR;Alpes-Maritimes;Alpes-Maritimes
FRY50;3;FR;Mayotte;Mayotte
FRL04;3;FR;Bouches-du-Rhône;Bouches-du-Rhône
FRK21;3;FR;Ain;Ain
FRL05;3;FR;Var;Var
FRK22;3;FR;Ardèche;Ardèche
FRL06;3;FR;Vaucluse;Vaucluse
FRM01;3;FR;Corse-du-Sud;Corse-du-Sud
FRK23;3;FR;Drôme;Drôme
FRM02;3;FR;Haute-Corse;Haute-Corse
FRJ25;3;FR;Lot;Lot
FRI23;3;FR;Haute-Vienne;Haute-Vienne
FRF33;3;FR;Moselle;Moselle
FRJ26;3;FR;Hautes-Pyrénées;Hautes-Pyrénées
FRI33;3;FR;Deux-Sèvres;Deux-Sèvres
FRJ27;3;FR;Tarn;Tarn
FRI31;3;FR;Charente;Charente
FRF34;3;FR;Vosges;Vosges
FRJ28;3;FR;Tarn-et-Garonne;Tarn-et-Garonne
FRI34;3;FR;Vienne;Vienne
FRK11;3;FR;Allier;Allier
FRI32;3;FR;Charente-Maritime;Charente-Maritime
FRG01;3;FR;Loire-Atlantique;Loire-Atlantique
FRJ11;3;FR;Aude;Aude
FRF21;3;FR;Ardennes;Ardennes
FRJ12;3;FR;Gard;Gard
FRF22;3;FR;Aube;Aube
FRG02;3;FR;Maine-et-Loire;Maine-et-Loire
FRG03;3;FR;Mayenne;Mayenne
FRJ13;3;FR;Hérault;Hérault
FRH04;3;FR;Morbihan;Morbihan
FRG04;3;FR;Sarthe;Sarthe
FRJ14;3;FR;Lozère;Lozère
FRF23;3;FR;Marne;Marne
FRJ15;3;FR;Pyrénées-Orientales;Pyrénées-Orientales
FRI11;3;FR;Dordogne;Dordogne
FRG05;3;FR;Vendée;Vendée
FRJ21;3;FR;Ariège;Ariège
FRF24;3;FR;Haute-Marne;Haute-Marne
FRI12;3;FR;Gironde;Gironde
FRI13;3;FR;Landes;Landes
FRH01;3;FR;Côtes-d’Armor;Côtes-d’Armor
FRJ22;3;FR;Aveyron;Aveyron
FRI14;3;FR;Lot-et-Garonne;Lot-et-Garonne
FRF31;3;FR;Meurthe-et-Moselle;Meurthe-et-Moselle
FRH02;3;FR;Finistère;Finistère
FRJ23;3;FR;Haute-Garonne;Haute-Garonne
FRI15;3;FR;Pyrénées-Atlantiques;Pyrénées-Atlantiques
FRI21;3;FR;Corrèze;Corrèze
FRF32;3;FR;Meuse;Meuse
FRJ24;3;FR;Gers;Gers
FRI22;3;FR;Creuse;Creuse
FRH03;3;FR;Ille-et-Vilaine;Ille-et-Vilaine
HR;0;HR;Hrvatska;Hrvatska
HR0;1;HR;Hrvatska;Hrvatska
HR03;2;HR;Jadranska Hrvatska;Jadranska Hrvatska
HR05;2;HR;Grad Zagreb;Grad Zagreb
HR06;2;HR;Sjeverna Hrvatska;Sjeverna Hrvatska
HR02;2;HR;Panonska Hrvatska;Panonska Hrvatska
HR028;3;HR;Sisačko-moslavačka županija;Sisačko-moslavačka županija
HR033;3;HR;Zadarska županija;Zadarska županija
HR031;3;HR;Primorsko-goranska županija;Primorsko-goranska županija
HR034;3;HR;Šibensko-kninska županija;Šibensko-kninska županija
HR032;3;HR;Ličko-senjska županija;Ličko-senjska županija
HR035;3;HR;Splitsko-dalmatinska županija;Splitsko-dalmatinska županija
HR036;3;HR;Istarska županija;Istarska županija
HR037;3;HR;Dubrovačko-neretvanska županija;Dubrovačko-neretvanska županija
HR050;3;HR;Grad Zagreb;Grad Zagreb
HR061;3;HR;Međimurska županija;Međimurska županija
HR062;3;HR;Varaždinska županija;Varaždinska županija
HR063;3;HR;Koprivničko-križevačka županija;Koprivničko-križevačka županija
HR064;3;HR;Krapinsko-zagorska županija;Krapinsko-zagorska županija
HR021;3;HR;Bjelovarsko-bilogorska županija;Bjelovarsko-bilogorska županija
HR065;3;HR;Zagrebačka županija;Zagrebačka županija
HR022;3;HR;Virovitičko-podravska županija;Virovitičko-podravska županija
HR023;3;HR;Požeško-slavonska županija;Požeško-slavonska županija
HR024;3;HR;Brodsko-posavska županija;Brodsko-posavska županija
HR025;3;HR;Osječko-baranjska županija;Osječko-baranjska županija
HR026;3;HR;Vukovarsko-srijemska županija;Vukovarsko-srijemska županija
HR027;3;HR;Karlovačka županija;Karlovačka županija
HU;0;HU;Magyarország;Magyarország
HU1;1;HU;Közép-Magyarország;Közép-Magyarország
HU2;1;HU;Dunántúl;Dunántúl
HU3;1;HU;Alföld és Észak;Alföld és Észak
HU12;2;HU;Pest;Pest
HU23;2;HU;Dél-Dunántúl;Dél-Dunántúl
HU21;2;HU;Közép-Dunántúl;Közép-Dunántúl
HU31;2;HU;Észak-Magyarország;Észak-Magyarország
HU22;2;HU;Nyugat-Dunántúl;Nyugat-Dunántúl
HU32;2;HU;Észak-Alföld;Észak-Alföld
HU33;2;HU;Dél-Alföld;Dél-Alföld
HU11;2;HU;Budapest;Budapest
HU213;3;HU;Veszprém;Veszprém
HU221;3;HU;Győr-Moson-Sopron;Győr-Moson-Sopron
HU222;3;HU;Vas;Vas
HU223;3;HU;Zala;Zala
HU233;3;HU;Tolna;Tolna
HU231;3;HU;Baranya;Baranya
HU232;3;HU;Somogy;Somogy
HU110;3;HU;Budapest;Budapest
HU120;3;HU;Pest;Pest
HU211;3;HU;Fejér;Fejér
HU212;3;HU;Komárom-Esztergom;Komárom-Esztergom
HU311;3;HU;Borsod-Abaúj-Zemplén;Borsod-Abaúj-Zemplén
HU312;3;HU;Heves;Heves
HU313;3;HU;Nógrád;Nógrád
HU321;3;HU;Hajdú-Bihar;Hajdú-Bihar
HU322;3;HU;Jász-Nagykun-Szolnok;Jász-Nagykun-Szolnok
HU323;3;HU;Szabolcs-Szatmár-Bereg;Szabolcs-Szatmár-Bereg
HU331;3;HU;Bács-Kiskun;Bács-Kiskun
HU332;3;HU;Békés;Békés
HU333;3;HU;Csongrád-Csanád;Csongrád-Csanád
IE;0;IE;Éire/Ireland;Éire/Ireland
IE0;1;IE;Ireland;Ireland
IE06;2;IE;Eastern and Midland;Eastern and Midland
IE04;2;IE;Northern and Western;Northern and Western
IE05;2;IE;Southern;Southern
IE041;3;IE;Border;Border
IE042;3;IE;West;West
IE051;3;IE;Mid-West;Mid-West
IE052;3;IE;South-East;South-East
IE053;3;IE;South-West;South-West
IE061;3;IE;Dublin;Dublin
IE062;3;IE;Mid-East;Mid-East
IE063;3;IE;Midland;Midland
IS;0;IS;Ísland;Ísland
IS0;1;IS;Ísland;Ísland
IS00;2;IS;Ísland;Ísland
IS002;3;IS;Landsbyggð;Landsbyggð
IS001;3;IS;Höfuðborgarsvæði;Höfuðborgarsvæði
IT;0;IT;Italia;Italia
ITG;1;IT;Isole;Isole
ITF;1;IT;Sud;Sud
ITH;1;IT;Nord-Est;Nord-Est
ITI;1;IT;Centro (IT);Centro (IT)
ITC;1;IT;Nord-Ovest;Nord-Ovest
ITI3;2;IT;Marche;Marche
ITC4;2;IT;Lombardia;Lombardia
ITF1;2;IT;Abruzzo;Abruzzo
ITI4;2;IT;Lazio;Lazio
ITF2;2;IT;Molise;Molise
ITF3;2;IT;Campania;Campania
ITF4;2;IT;Puglia;Puglia
ITF5;2;IT;Basilicata;Basilicata
ITH3;2;IT;Veneto;Veneto
ITF6;2;IT;Calabria;Calabria
ITH4;2;IT;Friuli-Venezia Giulia;Friuli-Venezia Giulia
ITC1;2;IT;Piemonte;Piemonte
ITG1;2;IT;Sicilia;Sicilia
ITC2;2;IT;Valle d’Aosta/Vallée d’Aoste;Valle d’Aosta/Vallée d’Aoste
ITH5;2;IT;Emilia-Romagna;Emilia-Romagna
ITG2;2;IT;Sardegna;Sardegna
ITC3;2;IT;Liguria;Liguria
ITH1;2;IT;Provincia Autonoma di Bolzano/Bozen;Provincia Autonoma di Bolzano/Bozen
ITI1;2;IT;Toscana;Toscana
ITH2;2;IT;Provincia Autonoma di Trento;Provincia Autonoma di Trento
ITI2;2;IT;Umbria;Umbria
ITH54;3;IT;Modena;Modena
ITH55;3;IT;Bologna;Bologna
ITI22;3;IT;Terni;Terni
ITG2D;3;IT;Sassari;Sassari
ITG2E;3;IT;Nuoro;Nuoro
ITI44;3;IT;Latina;Latina
ITI45;3;IT;Frosinone;Frosinone
ITI31;3;IT;Pesaro e Urbino;Pesaro e Urbino
ITI32;3;IT;Ancona;Ancona
ITG2F;3;IT;Cagliari;Cagliari
ITG2G;3;IT;Oristano;Oristano
ITI33;3;IT;Macerata;Macerata
ITI34;3;IT;Ascoli Piceno;Ascoli Piceno
ITI35;3;IT;Fermo;Fermo
ITG2H;3;IT;Sud Sardegna;Sud Sardegna
ITI41;3;IT;Viterbo;Viterbo
ITH10;3;IT;Bolzano-Bozen;Bolzano-Bozen
ITI42;3;IT;Rieti;Rieti
ITH20;3;IT;Trento;Trento
ITI43;3;IT;Roma;Roma
ITH31;3;IT;Verona;Verona
ITH32;3;IT;Vicenza;Vicenza
ITF65;3;IT;Reggio Calabria;Reggio Calabria
ITG11;3;IT;Trapani;Trapani
ITH33;3;IT;Belluno;Belluno
ITH56;3;IT;Ferrara;Ferrara
ITH57;3;IT;Ravenna;Ravenna
ITG12;3;IT;Palermo;Palermo
ITH34;3;IT;Treviso;Treviso
ITH58;3;IT;Forlì-Cesena;Forlì-Cesena
ITH59;3;IT;Rimini;Rimini
ITG13;3;IT;Messina;Messina
ITI11;3;IT;Massa-Carrara;Massa-Carrara
ITI12;3;IT;Lucca;Lucca
ITI13;3;IT;Pistoia;Pistoia
ITG14;3;IT;Agrigento;Agrigento
ITH35;3;IT;Venezia;Venezia
ITH36;3;IT;Padova;Padova
ITI14;3;IT;Firenze;Firenze
ITI15;3;IT;Prato;Prato
ITG15;3;IT;Caltanissetta;Caltanissetta
ITH37;3;IT;Rovigo;Rovigo
ITI16;3;IT;Livorno;Livorno
ITG16;3;IT;Enna;Enna
ITH41;3;IT;Pordenone;Pordenone
ITI17;3;IT;Pisa;Pisa
ITI18;3;IT;Arezzo;Arezzo
ITG17;3;IT;Catania;Catania
ITH42;3;IT;Udine;Udine
ITI19;3;IT;Siena;Siena
ITG18;3;IT;Ragusa;Ragusa
ITG19;3;IT;Siracusa;Siracusa
ITH43;3;IT;Gorizia;Gorizia
ITH44;3;IT;Trieste;Trieste
ITH51;3;IT;Piacenza;Piacenza
ITI1A;3;IT;Grosseto;Grosseto
ITH52;3;IT;Parma;Parma
ITH53;3;IT;Reggio nell’Emilia;Reggio nell’Emilia
ITI21;3;IT;Perugia;Perugia
ITF45;3;IT;Lecce;Lecce
ITF46;3;IT;Foggia;Foggia
ITC20;3;IT;Valle d’Aosta/Vallée d’Aoste;Valle d’Aosta/Vallée d’Aoste
ITC31;3;IT;Imperia;Imperia
ITC46;3;IT;Bergamo;Bergamo
ITF47;3;IT;Bari;Bari
ITF48;3;IT;Barletta-Andria-Trani;Barletta-Andria-Trani
ITC32;3;IT;Savona;Savona
ITC33;3;IT;Genova;Genova
ITC47;3;IT;Brescia;Brescia
ITF51;3;IT;Potenza;Potenza
ITC34;3;IT;La Spezia;La Spezia
ITC41;3;IT;Varese;Varese
ITC48;3;IT;Pavia;Pavia
ITF52;3;IT;Matera;Matera
ITC42;3;IT;Como;Como
ITC43;3;IT;Lecco;Lecco
ITC49;3;IT;Lodi;Lodi
ITF63;3;IT;Catanzaro;Catanzaro
ITF64;3;IT;Vibo Valentia;Vibo Valentia
ITC44;3;IT;Sondrio;Sondrio
ITC4A;3;IT;Cremona;Cremona
ITF61;3;IT;Cosenza;Cosenza
ITF62;3;IT;Crotone;Crotone
ITC4B;3;IT;Mantova;Mantova
ITC4C;3;IT;Milano;Milano
ITC4D;3;IT;Monza e della Brianza;Monza e della Brianza
ITF11;3;IT;L’Aquila;L’Aquila
ITF12;3;IT;Teramo;Teramo
ITF13;3;IT;Pescara;Pescara
ITF14;3;IT;Chieti;Chieti
ITF21;3;IT;Isernia;Isernia
ITF22;3;IT;Campobasso;Campobasso
ITC11;3;IT;Torino;Torino
ITF31;3;IT;Caserta;Caserta
ITF32;3;IT;Benevento;Benevento
ITC12;3;IT;Vercelli;Vercelli
ITC13;3;IT;Biella;Biella
ITF33;3;IT;Napoli;Napoli
ITC14;3;IT;Verbano-Cusio-Ossola;Verbano-Cusio-Ossola
ITC15;3;IT;Novara;Novara
ITF34;3;IT;Avellino;Avellino
ITC16;3;IT;Cuneo;Cuneo
ITF35;3;IT;Salerno;Salerno
ITC17;3;IT;Asti;Asti
ITF43;3;IT;Taranto;Taranto
ITF44;3;IT;Brindisi;Brindisi
ITC18;3;IT;Alessandria;Alessandria
LI;0;LI;Liechtenstein;Liechtenstein
LI0;1;LI;Liechtenstein;Liechtenstein
LI00;2;LI;Liechtenstein;Liechtenstein
LI000;3;LI;Liechtenstein;Liechtenstein
LT;0;LT;Lietuva;Lietuva
LT0;1;LT;Lietuva;Lietuva
LT02;2;LT;Vidurio ir vakarų Lietuvos regionas;Vidurio ir vakarų Lietuvos regionas
LT01;2;LT;Sostinės regionas;Sostinės regionas
LT011;3;LT;Vilniaus apskritis;Vilniaus apskritis
LT021;3;LT;Alytaus apskritis;Alytaus apskritis
LT022;3;LT;Kauno apskritis;Kauno apskritis
LT023;3;LT;Klaipėdos apskritis;Klaipėdos apskritis
LT024;3;LT;Marijampolės apskritis;Marijampolės apskritis
LT025;3;LT;Panevėžio apskritis;Panevėžio apskritis
LT026;3;LT;Šiaulių apskritis;Šiaulių apskritis
LT027;3;LT;Tauragės apskritis;Tauragės apskritis
LT028;3;LT;Telšių apskritis;Telšių apskritis
LT029;3;LT;Utenos apskritis;Utenos apskritis
LU;0;LU;Luxembourg;Luxembourg
LU0;1;LU;Luxembourg;Luxembourg
LU00;2;LU;Luxembourg;Luxembourg
LU000;3;LU;Luxembourg;Luxembourg
LV;0;LV;Latvija;Latvija
LV0;1;LV;Latvija;Latvija
LV00;2;LV;Latvija;Latvija
LV009;3;LV;Zemgale;Zemgale
LV00A;3;LV;Rīga;Rīga
LV00B;3;LV;Kurzeme;Kurzeme
LV00C;3;LV;Vidzeme;Vidzeme
LV005;3;LV;Latgale;Latgale
ME;0;ME;Crna Gora;Црна Гора
ME0;1;ME;Crna Gora;Црна Гора
ME00;2;ME;Crna Gora;Црна Гора
ME000;3;ME;Crna Gora;Црна Гора
MK;0;MK;Severna Makedonija;Северна Македонија
MK0;1;MK;Severna Makedonija;Северна Македонија
MK00;2;MK;Severna Makedonija;Северна Македонија
MK003;3;MK;Jugozapaden;Југозападен
MK004;3;MK;Jugoistočen;Југоисточен
MK001;3;MK;Vardarski;Вардарски
MK002;3;MK;Istočen;Источен
MK005;3;MK;Pelagoniski;Пелагониски
MK006;3;MK;Pološki;Полошки
MK007;3;MK;Severoistočen;Североисточен
MK008;3;MK;Skopski;Скопски
MT;0;MT;Malta;Malta
MT0;1;MT;Malta;Malta
MT00;2;MT;Malta;Malta
MT001;3;MT;Malta;Malta
MT002;3;MT;Gozo and Comino/Għawdex u Kemmuna;Gozo and Comino/Għawdex u Kemmuna
NL;0;NL;Nederland;Nederland
NL1;1;NL;Noord-Nederland;Noord-Nederland
NL2;1;NL;Oost-Nederland;Oost-Nederland
NL4;1;NL;Zuid-Nederland;Zuid-Nederland
NL3;1;NL;West-Nederland;West-Nederland
NL11;2;NL;Groningen;Groningen
NL12;2;NL;Friesland (NL);Friesland (NL)
NL13;2;NL;Drenthe;Drenthe
NL21;2;NL;Overijssel;Overijssel
NL22;2;NL;Gelderland;Gelderland
NL23;2;NL;Flevoland;Flevoland
NL32;2;NL;Noord-Holland;Noord-Holland
NL34;2;NL;Zeeland;Zeeland
NL35;2;NL;Utrecht;Utrecht
NL36;2;NL;Zuid-Holland;Zuid-Holland
NL41;2;NL;Noord-Brabant;Noord-Brabant
NL42;2;NL;Limburg (NL);Limburg (NL)
NL415;3;NL;Midden-Noord-Brabant;Midden-Noord-Brabant
NL416;3;NL;Noordoost-Noord-Brabant;Noordoost-Noord-Brabant
NL421;3;NL;Noord-Limburg;Noord-Limburg
NL422;3;NL;Midden-Limburg;Midden-Limburg
NL423;3;NL;Zuid-Limburg;Zuid-Limburg
NL112;3;NL;Delfzijl en omgeving;Delfzijl en omgeving
NL114;3;NL;Oost-Groningen;Oost-Groningen
NL115;3;NL;Overig Groningen;Overig Groningen
NL126;3;NL;Zuidoost-Friesland;Zuidoost-Friesland
NL127;3;NL;Noord-Friesland;Noord-Friesland
NL128;3;NL;Zuidwest-Friesland;Zuidwest-Friesland
NL131;3;NL;Noord-Drenthe;Noord-Drenthe
NL132;3;NL;Zuidoost-Drenthe;Zuidoost-Drenthe
NL133;3;NL;Zuidwest-Drenthe;Zuidwest-Drenthe
NL211;3;NL;Noord-Overijssel;Noord-Overijssel
NL212;3;NL;Zuidwest-Overijssel;Zuidwest-Overijssel
NL213;3;NL;Twente;Twente
NL221;3;NL;Veluwe;Veluwe
NL224;3;NL;Zuidwest-Gelderland;Zuidwest-Gelderland
NL225;3;NL;Achterhoek;Achterhoek
NL226;3;NL;Arnhem/Nijmegen;Arnhem/Nijmegen
NL230;3;NL;Flevoland;Flevoland
NL321;3;NL;Kop van Noord-Holland;Kop van Noord-Holland
NL323;3;NL;IJmond;IJmond
NL325;3;NL;Zaanstreek;Zaanstreek
NL327;3;NL;Het Gooi en Vechtstreek;Het Gooi en Vechtstreek
NL328;3;NL;Alkmaar en omgeving;Alkmaar en omgeving
NL32A;3;NL;Agglomeratie Haarlem;Agglomeratie Haarlem
NL32B;3;NL;Groot-Amsterdam;Groot-Amsterdam
NL341;3;NL;Zeeuwsch-Vlaanderen;Zeeuwsch-Vlaanderen
NL342;3;NL;Overig Zeeland;Overig Zeeland
NL350;3;NL;Utrecht;Utrecht
NL361;3;NL;Agglomeratie ’s-Gravenhage;Agglomeratie ’s-Gravenhage
NL362;3;NL;Delft en Westland;Delft en Westland
NL363;3;NL;Agglomeratie Leiden en Bollenstreek;Agglomeratie Leiden en Bollenstreek
NL364;3;NL;Zuidoost-Zuid-Holland;Zuidoost-Zuid-Holland
NL365;3;NL;Oost-Zuid-Holland;Oost-Zuid-Holland
NL366;3;NL;Groot-Rijnmond;Groot-Rijnmond
NL411;3;NL;West-Noord-Brabant;West-Noord-Brabant
NL414;3;NL;Zuidoost-Noord-Brabant;Zuidoost-Noord-Brabant
NO;0;NO;Norge;Norge
NO0;1;NO;Norge;Norge
NO02;2;NO;Innlandet;Innlandet
NO08;2;NO;Oslo og Viken;Oslo og Viken
NO09;2;NO;Agder og Sør-Østlandet;Agder og Sør-Østlandet
NO0A;2;NO;Vestlandet;Vestlandet
NO0B;2;NO;Svalbard og Jan Mayen;Svalbard og Jan Mayen
NO06;2;NO;Trøndelag/Trööndelage;Trøndelag/Trööndelage
NO07;2;NO;Nord-Norge;Nord-Norge
NO0B1;3;NO;Jan Mayen;Jan Mayen
NO092;3;NO;Agder;Agder
NO093;3;NO;Vestfold;Vestfold
NO094;3;NO;Telemark;Telemark
NO081;3;NO;Oslo;Oslo
NO0A1;3;NO;Rogaland;Rogaland
NO0B2;3;NO;Svalbard;Svalbard
NO083;3;NO;Østfold;Østfold
NO084;3;NO;Akershus;Akershus
NO085;3;NO;Buskerud;Buskerud
NO0A2;3;NO;Vestland;Vestland
NO0A3;3;NO;Møre og Romsdal;Møre og Romsdal
NO060;3;NO;Trøndelag/Trööndelage;Trøndelag/Trööndelage
NO071;3;NO;Nordland/Nordlánnda;Nordland/Nordlánnda
NO072;3;NO;Troms/Romsa/Tromssa;Troms/Romsa/Tromssa
NO073;3;NO;Finnmark/Finnmárku/Finmarkku;Finnmark/Finnmárku/Finmarkku
NO020;3;NO;Innlandet;Innlandet
PL;0;PL;Polska;Polska
PL8;1;PL;Makroregion wschodni;Makroregion wschodni
PL9;1;PL;Makroregion województwo mazowieckie;Makroregion województwo mazowieckie
PL4;1;PL;Makroregion północno-zachodni;Makroregion północno-zachodni
PL5;1;PL;Makroregion południowo-zachodni;Makroregion południowo-zachodni
PL6;1;PL;Makroregion północny;Makroregion północny
PL7;1;PL;Makroregion centralny;Makroregion centralny
PL2;1;PL;Makroregion południowy;Makroregion południowy
PL21;2;PL;Małopolskie;Małopolskie
PL92;2;PL;Mazowiecki regionalny;Mazowiecki regionalny
PL51;2;PL;Dolnośląskie;Dolnośląskie
PL62;2;PL;Warmińsko-mazurskie;Warmińsko-mazurskie
PL52;2;PL;Opolskie;Opolskie
PL63;2;PL;Pomorskie;Pomorskie
PL61;2;PL;Kujawsko-pomorskie;Kujawsko-pomorskie
PL71;2;PL;Łódzkie;Łódzkie
PL72;2;PL;Świętokrzyskie;Świętokrzyskie
PL22;2;PL;Śląskie;Śląskie
PL81;2;PL;Lubelskie;Lubelskie
PL82;2;PL;Podkarpackie;Podkarpackie
PL41;2;PL;Wielkopolskie;Wielkopolskie
PL84;2;PL;Podlaskie;Podlaskie
PL91;2;PL;Warszawski stołeczny;Warszawski stołeczny
PL42;2;PL;Zachodniopomorskie;Zachodniopomorskie
PL43;2;PL;Lubuskie;Lubuskie
PL224;3;PL;Częstochowski;Częstochowski
PL225;3;PL;Bielski;Bielski
PL227;3;PL;Rybnicki;Rybnicki
PL228;3;PL;Bytomski;Bytomski
PL229;3;PL;Gliwicki;Gliwicki
PL22A;3;PL;Katowicki;Katowicki
PL22B;3;PL;Sosnowiecki;Sosnowiecki
PL22C;3;PL;Tyski;Tyski
PL415;3;PL;Miasto Poznań;Miasto Poznań
PL416;3;PL;Kaliski;Kaliski
PL411;3;PL;Pilski;Pilski
PL414;3;PL;Koniński;Koniński
PL213;3;PL;Miasto Kraków;Miasto Kraków
PL214;3;PL;Krakowski;Krakowski
PL217;3;PL;Tarnowski;Tarnowski
PL218;3;PL;Nowosądecki;Nowosądecki
PL219;3;PL;Nowotarski;Nowotarski
PL21A;3;PL;Oświęcimski;Oświęcimski
PL638;3;PL;Starogardzki;Starogardzki
PL711;3;PL;Miasto Łódź;Miasto Łódź
PL815;3;PL;Puławski;Puławski
PL821;3;PL;Krośnieński;Krośnieński
PL516;3;PL;Legnicko-głogowski;Legnicko-głogowski
PL842;3;PL;Łomżyński;Łomżyński
PL822;3;PL;Przemyski;Przemyski
PL517;3;PL;Wałbrzyski;Wałbrzyski
PL843;3;PL;Suwalski;Suwalski
PL911;3;PL;Miasto Warszawa;Miasto Warszawa
PL823;3;PL;Rzeszowski;Rzeszowski
PL518;3;PL;Wrocławski;Wrocławski
PL912;3;PL;Warszawski wschodni;Warszawski wschodni
PL824;3;PL;Tarnobrzeski;Tarnobrzeski
PL523;3;PL;Nyski;Nyski
PL913;3;PL;Warszawski zachodni;Warszawski zachodni
PL841;3;PL;Białostocki;Białostocki
PL524;3;PL;Opolski;Opolski
PL921;3;PL;Radomski;Radomski
PL417;3;PL;Leszczyński;Leszczyński
PL613;3;PL;Bydgosko-toruński;Bydgosko-toruński
PL922;3;PL;Ciechanowski;Ciechanowski
PL712;3;PL;Łódzki;Łódzki
PL418;3;PL;Poznański;Poznański
PL616;3;PL;Grudziądzki;Grudziądzki
PL923;3;PL;Płocki;Płocki
PL713;3;PL;Piotrkowski;Piotrkowski
PL424;3;PL;Miasto Szczecin;Miasto Szczecin
PL426;3;PL;Koszaliński;Koszaliński
PL617;3;PL;Inowrocławski;Inowrocławski
PL924;3;PL;Ostrołęcki;Ostrołęcki
PL714;3;PL;Sieradzki;Sieradzki
PL618;3;PL;Świecki;Świecki
PL715;3;PL;Skierniewicki;Skierniewicki
PL427;3;PL;Szczecinecko-pyrzycki;Szczecinecko-pyrzycki
PL619;3;PL;Włocławski;Włocławski
PL925;3;PL;Siedlecki;Siedlecki
PL926;3;PL;Żyrardowski;Żyrardowski
PL721;3;PL;Kielecki;Kielecki
PL621;3;PL;Elbląski;Elbląski
PL428;3;PL;Szczeciński;Szczeciński
PL622;3;PL;Olsztyński;Olsztyński
PL722;3;PL;Sandomiersko-jędrzejowski;Sandomiersko-jędrzejowski
PL811;3;PL;Bialski;Bialski
PL431;3;PL;Gorzowski;Gorzowski
PL623;3;PL;Ełcki;Ełcki
PL633;3;PL;Trójmiejski;Trójmiejski
PL812;3;PL;Chełmsko-zamojski;Chełmsko-zamojski
PL432;3;PL;Zielonogórski;Zielonogórski
PL634;3;PL;Gdański;Gdański
PL814;3;PL;Lubelski;Lubelski
PL514;3;PL;Miasto Wrocław;Miasto Wrocław
PL636;3;PL;Słupski;Słupski
PL515;3;PL;Jeleniogórski;Jeleniogórski
PL637;3;PL;Chojnicki;Chojnicki
PT;0;PT;Portugal;Portugal
PT1;1;PT;Continente;Continente
PT2;1;PT;Região Autónoma dos Açores;Região Autónoma dos Açores
PT3;1;PT;Região Autónoma da Madeira;Região Autónoma da Madeira
PT11;2;PT;Norte;Norte
PT15;2;PT;Algarve;Algarve
PT19;2;PT;Centro (PT);Centro (PT)
PT1A;2;PT;Grande Lisboa;Grande Lisboa
PT1B;2;PT;Península de Setúbal;Península de Setúbal
PT1C;2;PT;Alentejo;Alentejo
PT1D;2;PT;Oeste e Vale do Tejo;Oeste e Vale do Tejo
PT20;2;PT;Região Autónoma dos Açores;Região Autónoma dos Açores
PT30;2;PT;Região Autónoma da Madeira;Região Autónoma da Madeira
PT300;3;PT;Região Autónoma da Madeira;Região Autónoma da Madeira
PT196;3;PT;Beiras e Serra da Estrela;Beiras e Serra da Estrela
PT1A0;3;PT;Grande Lisboa;Grande Lisboa
PT1B0;3;PT;Península de Setúbal;Península de Setúbal
PT1C1;3;PT;Alentejo Litoral;Alentejo Litoral
PT1C2;3;PT;Baixo Alentejo;Baixo Alentejo
PT1C3;3;PT;Alto Alentejo;Alto Alentejo
PT1C4;3;PT;Alentejo Central;Alentejo Central
PT1D1;3;PT;Oeste;Oeste
PT1D2;3;PT;Médio Tejo;Médio Tejo
PT1D3;3;PT;Lezíria do Tejo;Lezíria do Tejo
PT200;3;PT;Região Autónoma dos Açores;Região Autónoma dos Açores
PT11E;3;PT;Terras de Trás-os-Montes;Terras de Trás-os-Montes
PT150;3;PT;Algarve;Algarve
PT191;3;PT;Região de Aveiro;Região de Aveiro
PT192;3;PT;Região de Coimbra;Região de Coimbra
PT195;3;PT;Beira Baixa;Beira Baixa
PT193;3;PT;Região de Leiria;Região de Leiria
PT194;3;PT;Viseu Dão Lafões;Viseu Dão Lafões
PT111;3;PT;Alto Minho;Alto Minho
PT112;3;PT;Cávado;Cávado
PT119;3;PT;Ave;Ave
PT11A;3;PT;Área Metropolitana do Porto;Área Metropolitana do Porto
PT11B;3;PT;Alto Tâmega e Barroso;Alto Tâmega e Barroso
PT11C;3;PT;Tâmega e Sousa;Tâmega e Sousa
PT11D;3;PT;Douro;Douro
RO;0;RO;România;România
RO4;1;RO;Macroregiunea Patru;Macroregiunea Patru
RO1;1;RO;Macroregiunea Unu;Macroregiunea Unu
RO2;1;RO;Macroregiunea Doi;Macroregiunea Doi
RO3;1;RO;Macroregiunea Trei;Macroregiunea Trei
RO22;2;RO;Sud-Est;Sud-Est
RO31;2;RO;Sud-Muntenia;Sud-Muntenia
RO32;2;RO;Bucureşti-Ilfov;Bucureşti-Ilfov
RO41;2;RO;Sud-Vest Oltenia;Sud-Vest Oltenia
RO42;2;RO;Vest;Vest
RO11;2;RO;Nord-Vest;Nord-Vest
RO12;2;RO;Centru;Centru
RO21;2;RO;Nord-Est;Nord-Est
RO311;3;RO;Argeş;Argeş
RO317;3;RO;Teleorman;Teleorman
RO312;3;RO;Călăraşi;Călăraşi
RO111;3;RO;Bihor;Bihor
RO321;3;RO;Bucureşti;Bucureşti
RO322;3;RO;Ilfov;Ilfov
RO313;3;RO;Dâmboviţa;Dâmboviţa
RO112;3;RO;Bistriţa-Năsăud;Bistriţa-Năsăud
RO411;3;RO;Dolj;Dolj
RO113;3;RO;Cluj;Cluj
RO412;3;RO;Gorj;Gorj
RO314;3;RO;Giurgiu;Giurgiu
RO315;3;RO;Ialomiţa;Ialomiţa
RO114;3;RO;Maramureş;Maramureş
RO413;3;RO;Mehedinţi;Mehedinţi
RO316;3;RO;Prahova;Prahova
RO115;3;RO;Satu Mare;Satu Mare
RO414;3;RO;Olt;Olt
RO116;3;RO;Sălaj;Sălaj
RO415;3;RO;Vâlcea;Vâlcea
RO213;3;RO;Iaşi;Iaşi
RO214;3;RO;Neamţ;Neamţ
RO121;3;RO;Alba;Alba
RO421;3;RO;Arad;Arad
RO215;3;RO;Suceava;Suceava
RO122;3;RO;Braşov;Braşov
RO422;3;RO;Caraş-Severin;Caraş-Severin
RO216;3;RO;Vaslui;Vaslui
RO123;3;RO;Covasna;Covasna
RO423;3;RO;Hunedoara;Hunedoara
RO221;3;RO;Brăila;Brăila
RO124;3;RO;Harghita;Harghita
RO424;3;RO;Timiş;Timiş
RO222;3;RO;Buzău;Buzău
RO125;3;RO;Mureş;Mureş
RO223;3;RO;Constanţa;Constanţa
RO126;3;RO;Sibiu;Sibiu
RO224;3;RO;Galaţi;Galaţi
RO211;3;RO;Bacău;Bacău
RO225;3;RO;Tulcea;Tulcea
RO212;3;RO;Botoşani;Botoşani
RO226;3;RO;Vrancea;Vrancea
RS;0;RS;Serbia;Srbija/Сpбија
RS2;1;RS;Serbia - jug;Србија - југ
RS1;1;RS;Serbia - sever;Србија - север
RS11;2;RS;City of Belgrade;Београдски регион
RS12;2;RS;Autonomous Province of Vojvodina;Регион Војводине
RS21;2;RS;Region Šumadije i Zapadne Srbije;Регион Шумадије и Западне Србије
RS22;2;RS;Region Južne i Istočne Srbije;Регион Јужне и Источне Србије
RS127;3;RS;Sremska oblast;Сремска област
RS211;3;RS;Zlatiborska oblast;Златиборска област
RS212;3;RS;Kolubarska oblast;Колубарска област
RS213;3;RS;Mačvanska oblast;Мачванска област
RS214;3;RS;Moravička oblast;Моравичка област
RS215;3;RS;Pomoravska oblast;Поморавска област
RS218;3;RS;Šumadijska oblast;Шумадијска област
RS221;3;RS;Borska oblast;Борска област
RS216;3;RS;Rasinska oblast;Расинска област
RS217;3;RS;Raška oblast;Рашка област
RS110;3;RS;City of Belgrade;Београдска област
RS121;3;RS;Zapadnobačka oblast;Западнобачка област
RS122;3;RS;Južnobanatska oblast;Јужнобанатска област
RS123;3;RS;Južnobačka oblast;Јужнобачка област
RS124;3;RS;Severnobanatska oblast;Севернобанатска област
RS125;3;RS;Severnobačka oblast;Севернобачка област
RS126;3;RS;Srednjobanatska oblast;Средњобанатска област
RS222;3;RS;Braničevska oblast;Браничевска област
RS223;3;RS;Zaječarska oblast;Зајечарска област
RS224;3;RS;Jablanička oblast;Јабланичка област
RS225;3;RS;Nišavska oblast;Нишавска област
RS226;3;RS;Pirotska oblast;Пиротска област
RS227;3;RS;Podunavska oblast;Подунавска област
RS228;3;RS;Pčinjska oblast;Пчињска област
RS229;3;RS;Toplička oblast;Топличка област
SE;0;SE;Sverige;Sverige
SE1;1;SE;Östra Sverige;Östra Sverige
SE2;1;SE;Södra Sverige;Södra Sverige
SE3;1;SE;Norra Sverige;Norra Sverige
SE22;2;SE;Sydsverige;Sydsverige
SE33;2;SE;Övre Norrland;Övre Norrland
SE23;2;SE;Västsverige;Västsverige
SE32;2;SE;Mellersta Norrland;Mellersta Norrland
SE11;2;SE;Stockholm;Stockholm
SE12;2;SE;Östra Mellansverige;Östra Mellansverige
SE21;2;SE;Småland med öarna;Småland med öarna
SE31;2;SE;Norra Mellansverige;Norra Mellansverige
SE312;3;SE;Dalarnas län;Dalarnas län
SE322;3;SE;Jämtlands län;Jämtlands län
SE110;3;SE;Stockholms län;Stockholms län
SE122;3;SE;Södermanlands län;Södermanlands län
SE313;3;SE;Gävleborgs län;Gävleborgs län
SE121;3;SE;Uppsala län;Uppsala län
SE331;3;SE;Västerbottens län;Västerbottens län
SE221;3;SE;Blekinge län;Blekinge län
SE224;3;SE;Skåne län;Skåne län
SE123;3;SE;Östergötlands län;Östergötlands län
SE124;3;SE;Örebro län;Örebro län
SE332;3;SE;Norrbottens län;Norrbottens län
SE231;3;SE;Hallands län;Hallands län
SE125;3;SE;Västmanlands län;Västmanlands län
SE211;3;SE;Jönköpings län;Jönköpings län
SE212;3;SE;Kronobergs län;Kronobergs län
SE232;3;SE;Västra Götalands län;Västra Götalands län
SE321;3;SE;Västernorrlands län;Västernorrlands län
SE213;3;SE;Kalmar län;Kalmar län
SE311;3;SE;Värmlands län;Värmlands län
SE214;3;SE;Gotlands län;Gotlands län
SI;0;SI;Slovenija;Slovenija
SI0;1;SI;Slovenija;Slovenija
SI03;2;SI;Vzhodna Slovenija;Vzhodna Slovenija
SI04;2;SI;Zahodna Slovenija;Zahodna Slovenija
SI031;3;SI;Pomurska;Pomurska
SI032;3;SI;Podravska;Podravska
SI033;3;SI;Koroška;Koroška
SI034;3;SI;Savinjska;Savinjska
SI035;3;SI;Zasavska;Zasavska
SI036;3;SI;Posavska;Posavska
SI037;3;SI;Jugovzhodna Slovenija;Jugovzhodna Slovenija
SI038;3;SI;Primorsko-notranjska;Primorsko-notranjska
SI041;3;SI;Osrednjeslovenska;Osrednjeslovenska
SI042;3;SI;Gorenjska;Gorenjska
SI043;3;SI;Goriška;Goriška
SI044;3;SI;Obalno-kraška;Obalno-kraška
SK;0;SK;Slovensko;Slovensko
SK0;1;SK;Slovensko;Slovensko
SK04;2;SK;Východné Slovensko;Východné Slovensko
SK01;2;SK;Bratislavský kraj;Bratislavský kraj
SK02;2;SK;Západné Slovensko;Západné Slovensko
SK03;2;SK;Stredné Slovensko;Stredné Slovensko
SK041;3;SK;Prešovský kraj;Prešovský kraj
SK042;3;SK;Košický kraj;Košický kraj
SK021;3;SK;Trnavský kraj;Trnavský kraj
SK022;3;SK;Trenčiansky kraj;Trenčiansky kraj
SK023;3;SK;Nitriansky kraj;Nitriansky kraj
SK031;3;SK;Žilinský kraj;Žilinský kraj
SK032;3;SK;Banskobystrický kraj;Banskobystrický kraj
SK010;3;SK;Bratislavský kraj;Bratislavský kraj
TR;0;TR;Türkiye;Türkiye
TR1;1;TR;İstanbul;İstanbul
TR8;1;TR;Batı Karadeniz;Batı Karadeniz
TR7;1;TR;Orta Anadolu;Orta Anadolu
TR2;1;TR;Batı Marmara;Batı Marmara
TR3;1;TR;Ege;Ege
TR6;1;TR;Akdeniz;Akdeniz
TR4;1;TR;Doğu Marmara;Doğu Marmara
TR5;1;TR;Batı Anadolu;Batı Anadolu
TR9;1;TR;Doğu Karadeniz;Doğu Karadeniz
TRA;1;TR;Kuzeydoğu Anadolu;Kuzeydoğu Anadolu
TRB;1;TR;Ortadoğu Anadolu;Ortadoğu Anadolu
TRC;1;TR;Güneydoğu Anadolu;Güneydoğu Anadolu
TR90;2;TR;Trabzon, Ordu, Giresun, Rize, Artvin, Gümüşhane;Trabzon, Ordu, Giresun, Rize, Artvin, Gümüşhane
TR72;2;TR;Kayseri, Sivas, Yozgat;Kayseri, Sivas, Yozgat
TR81;2;TR;Zonguldak, Karabük, Bartın;Zonguldak, Karabük, Bartın
TR10;2;TR;İstanbul;İstanbul
TR82;2;TR;Kastamonu, Çankırı, Sinop;Kastamonu, Çankırı, Sinop
TRA1;2;TR;Erzurum, Erzincan, Bayburt;Erzurum, Erzincan, Bayburt
TR21;2;TR;Tekirdağ, Edirne, Kırklareli;Tekirdağ, Edirne, Kırklareli
TR83;2;TR;Samsun, Tokat, Çorum, Amasya;Samsun, Tokat, Çorum, Amasya
TRA2;2;TR;Ağrı, Kars, Iğdır, Ardahan;Ağrı, Kars, Iğdır, Ardahan
TRB1;2;TR;Malatya, Elazığ, Bingöl, Tunceli;Malatya, Elazığ, Bingöl, Tunceli
TR22;2;TR;Balıkesir, Çanakkale;Balıkesir, Çanakkale
TRB2;2;TR;Van, Muş, Bitlis, Hakkari;Van, Muş, Bitlis, Hakkari
TRC1;2;TR;Gaziantep, Adıyaman, Kilis;Gaziantep, Adıyaman, Kilis
TR42;2;TR;Kocaeli, Sakarya, Düzce, Bolu, Yalova;Kocaeli, Sakarya, Düzce, Bolu, Yalova
TRC2;2;TR;Şanlıurfa, Diyarbakır;Şanlıurfa, Diyarbakır
TR31;2;TR;İzmir;İzmir
TRC3;2;TR;Mardin, Batman, Şırnak, Siirt;Mardin, Batman, Şırnak, Siirt
TR51;2;TR;Ankara;Ankara
TR52;2;TR;Konya, Karaman;Konya, Karaman
TR61;2;TR;Antalya, Isparta, Burdur;Antalya, Isparta, Burdur
TR32;2;TR;Aydın, Denizli, Muğla;Aydın, Denizli, Muğla
TR62;2;TR;Adana, Mersin;Adana, Mersin
TR33;2;TR;Manisa, Afyonkarahisar, Kütahya, Uşak;Manisa, Afyonkarahisar, Kütahya, Uşak
TR63;2;TR;Hatay, Kahramanmaraş, Osmaniye;Hatay, Kahramanmaraş, Osmaniye
TR41;2;TR;Bursa, Eskişehir, Bilecik;Bursa, Eskişehir, Bilecik
TR71;2;TR;Kırıkkale, Aksaray, Niğde, Nevşehir, Kırşehir;Kırıkkale, Aksaray, Niğde, Nevşehir, Kırşehir
TR522;3;TR;Karaman;Karaman
TRC22;3;TR;Diyarbakır;Diyarbakır
TR721;3;TR;Kayseri;Kayseri
TR222;3;TR;Çanakkale;Çanakkale
TR832;3;TR;Tokat;Tokat
TRC31;3;TR;Mardin;Mardin
TRC32;3;TR;Batman;Batman
TR722;3;TR;Sivas;Sivas
TR833;3;TR;Çorum;Çorum
TR834;3;TR;Amasya;Amasya
TRC33;3;TR;Şırnak;Şırnak
TRC34;3;TR;Siirt;Siirt
TR723;3;TR;Yozgat;Yozgat
TR811;3;TR;Zonguldak;Zonguldak
TR310;3;TR;İzmir;İzmir
TR901;3;TR;Trabzon;Trabzon
TR902;3;TR;Ordu;Ordu
TR812;3;TR;Karabük;Karabük
TR813;3;TR;Bartın;Bartın
TR321;3;TR;Aydın;Aydın
TR903;3;TR;Giresun;Giresun
TR904;3;TR;Rize;Rize
TR821;3;TR;Kastamonu;Kastamonu
TR822;3;TR;Çankırı;Çankırı
TR322;3;TR;Denizli;Denizli
TR905;3;TR;Artvin;Artvin
TR906;3;TR;Gümüşhane;Gümüşhane
TR823;3;TR;Sinop;Sinop
TR831;3;TR;Samsun;Samsun
TRA11;3;TR;Erzurum;Erzurum
TRA12;3;TR;Erzincan;Erzincan
TRA13;3;TR;Bayburt;Bayburt
TR323;3;TR;Muğla;Muğla
TR331;3;TR;Manisa;Manisa
TRA21;3;TR;Ağrı;Ağrı
TRA22;3;TR;Kars;Kars
TR611;3;TR;Antalya;Antalya
TR612;3;TR;Isparta;Isparta
TR100;3;TR;İstanbul;İstanbul
TR332;3;TR;Afyonkarahisar;Afyonkarahisar
TR333;3;TR;Kütahya;Kütahya
TRA23;3;TR;Iğdır;Iğdır
TRA24;3;TR;Ardahan;Ardahan
TR613;3;TR;Burdur;Burdur
TR211;3;TR;Tekirdağ;Tekirdağ
TR334;3;TR;Uşak;Uşak
TR411;3;TR;Bursa;Bursa
TRB11;3;TR;Malatya;Malatya
TRB12;3;TR;Elazığ;Elazığ
TR621;3;TR;Adana;Adana
TR212;3;TR;Edirne;Edirne
TR412;3;TR;Eskişehir;Eskişehir
TR413;3;TR;Bilecik;Bilecik
TRB13;3;TR;Bingöl;Bingöl
TRB14;3;TR;Tunceli;Tunceli
TR622;3;TR;Mersin;Mersin
TR213;3;TR;Kırklareli;Kırklareli
TR421;3;TR;Kocaeli;Kocaeli
TR422;3;TR;Sakarya;Sakarya
TRB21;3;TR;Van;Van
TRB22;3;TR;Muş;Muş
TR631;3;TR;Hatay;Hatay
TR632;3;TR;Kahramanmaraş;Kahramanmaraş
TR423;3;TR;Düzce;Düzce
TR424;3;TR;Bolu;Bolu
TR425;3;TR;Yalova;Yalova
TRB23;3;TR;Bitlis;Bitlis
TRB24;3;TR;Hakkari;Hakkari
TR633;3;TR;Osmaniye;Osmaniye
TR711;3;TR;Kırıkkale;Kırıkkale
TR712;3;TR;Aksaray;Aksaray
TR221;3;TR;Balıkesir;Balıkesir
TRC11;3;TR;Gaziantep;Gaziantep
TRC12;3;TR;Adıyaman;Adıyaman
TRC13;3;TR;Kilis;Kilis
TR713;3;TR;Niğde;Niğde
TR714;3;TR;Nevşehir;Nevşehir
TR510;3;TR;Ankara;Ankara
TR521;3;TR;Konya;Konya
TRC21;3;TR;Şanlıurfa;Şanlıurfa
TR715;3;TR;Kırşehir;Kırşehir
UA;0;UA;Ukraina;Україна
XK;0;XK;Kosovo*;Kosovo*
XK0;1;XK;Kosovo;Kosovo
XK00;2;XK;Kosovo;Kosovo
XK001;3;XK;Prishtinë;Prishtinë
XK002;3;XK;Mitrovicë;Mitrovicë
XK003;3;XK;Pejë;Pejë
XK004;3;XK;Prizren;Prizren
XK005;3;XK;Ferizaj;Ferizaj
XK006;3;XK;Gjilan;Gjilan
XK007;3;XK;Gjakovë;Gjakovë
