Code Domaine,Domaine,Code zone (M49),Zone,Code Élément,Élément,Code Produit (CPC),Produit,Code année,Année,Unité,Valeur,Symbole,Description du Symbole,Note
"TCL","Cultures et produits animaux","250","France","5610","Importations - Quantité","21422","Amandes, écalées","1965","1965","tonnes","13141","A","Chiffre officiel",""
"TCL","Cultures et produits animaux","250","France","5610","Importations - Quantité","21422","Amandes, écalées","1970","1970","tonnes","11927","A","Chiffre officiel",""
"TCL","Cultures et produits animaux","250","France","5610","Importations - Quantité","21422","Amandes, écalées","1974","1974","tonnes","10717","A","Chiffre officiel",""
"TCL","Cultures et produits animaux","250","France","5610","Importations - Quantité","21422","Amandes, écalées","1978","1978","tonnes","16816","A","Chiffre officiel",""
"TCL","Cultures et produits animaux","250","France","5610","Importations - Quantité","21422","Amandes, écalées","1981","1981","tonnes","16167","A","Chiffre officiel",""
"TCL","Cultures et produits animaux","250","France","5610","Importations - Quantité","21422","Amandes, écalées","1985","1985","tonnes","18913","A","Chiffre officiel",""
"TCL","Cultures et produits animaux","250","France","5610","Importations - Quantité","21422","Amandes, écalées","1989","1989","tonnes","19314","A","Chiffre officiel",""
"TCL","Cultures et produits animaux","250","France","5610","Importations - Quantité","21422","Amandes, écalées","1993","1993","tonnes","20842","A","Chiffre officiel",""
"TCL","Cultures et produits animaux","250","France","5610","Importations - Quantité","21422","Amandes, écalées","1997","1997","tonnes","21790","A","Chiffre officiel",""
"TCL","Cultures et produits animaux","250","France","5610","Importations - Quantité","21422","Amandes, écalées","2000","2000","tonnes","24343","A","Chiffre officiel",""
"TCL","Cultures et produits animaux","250","France","5610","Importations - Quantité","21422","Amandes, écalées","2004","2004","tonnes","27515","A","Chiffre officiel",""
"TCL","Cultures et produits animaux","250","France","5610","Importations - Quantité","21422","Amandes, écalées","2006","2006","tonnes","27570","A","Chiffre officiel",""
"TCL","Cultures et produits animaux","250","France","5610","Importations - Quantité","21422","Amandes, écalées","2008","2008","tonnes","28285","X","Ciffre de sources internationales","Données estimées en utilisant les données des pays partenaires"
"TCL","Cultures et produits animaux","250","France","5610","Importations - Quantité","21422","Amandes, écalées","2010","2010","tonnes","27927","A","Chiffre officiel",""
"TCL","Cultures et produits animaux","250","France","5610","Importations - Quantité","21422","Amandes, écalées","2012","2012","tonnes","32857","A","Chiffre officiel",""
"TCL","Cultures et produits animaux","250","France","5610","Importations - Quantité","21422","Amandes, écalées","2014","2014","tonnes","32789.36","A","Chiffre officiel",""
"TCL","Cultures et produits animaux","250","France","5610","Importations - Quantité","23140.07","Avoine laminée","1965","1965","tonnes","1008","A","Chiffre officiel",""
"TCL","Cultures et produits animaux","250","France","5610","Importations - Quantité","23140.07","Avoine laminée","1970","1970","tonnes","1501","A","Chiffre officiel",""
"TCL","Cultures et produits animaux","250","France","5610","Importations - Quantité","23140.07","Avoine laminée","1974","1974","tonnes","1735","A","Chiffre officiel",""
"TCL","Cultures et produits animaux","250","France","5610","Importations - Quantité","23140.07","Avoine laminée","1978","1978","tonnes","1527","A","Chiffre officiel",""
"TCL","Cultures et produits animaux","250","France","5610","Importations - Quantité","23140.07","Avoine laminée","1981","1981","tonnes","1509","A","Chiffre officiel",""
"TCL","Cultures et produits animaux","250","France","5610","Importations - Quantité","23140.07","Avoine laminée","1985","1985","tonnes","1595","A","Chiffre officiel",""
"TCL","Cultures et produits animaux","250","France","5610","Importations - Quantité","23140.07","Avoine laminée","1989","1989","tonnes","1997","A","Chiffre officiel",""
"TCL","Cultures et produits animaux","250","France","5610","Importations - Quantité","23140.07","Avoine laminée","1993","1993","tonnes","1625","A","Chiffre officiel",""
"TCL","Cultures et produits animaux","250","France","5610","Importations - Quantité","23140.07","Avoine laminée","1997","1997","tonnes","6653","A","Chiffre officiel",""
"TCL","Cultures et produits animaux","250","France","5610","Importations - Quantité","23140.07","Avoine laminée","2000","2000","tonnes","8499","A","Chiffre officiel",""
"TCL","Cultures et produits animaux","250","France","5610","Importations - Quantité","23140.07","Avoine laminée","2004","2004","tonnes","11903","A","Chiffre officiel",""
"TCL","Cultures et produits animaux","250","France","5610","Importations - Quantité","23140.07","Avoine laminée","2006","2006","tonnes","11703","A","Chiffre officiel",""
"TCL","Cultures et produits animaux","250","France","5610","Importations - Quantité","23140.07","Avoine laminée","2008","2008","tonnes","15466","A","Chiffre officiel",""
"TCL","Cultures et produits animaux","250","France","5610","Importations - Quantité","23140.07","Avoine laminée","2010","2010","tonnes","20061","A","Chiffre officiel",""
"TCL","Cultures et produits animaux","250","France","5610","Importations - Quantité","23140.07","Avoine laminée","2012","2012","tonnes","19720","A","Chiffre officiel",""
"TCL","Cultures et produits animaux","250","France","5610","Importations - Quantité","23140.07","Avoine laminée","2014","2014","tonnes","21231.26","A","Chiffre officiel",""
"TCL","Cultures et produits animaux","250","France","5610","Importations - Quantité","01312","Bananes","1965","1965","tonnes","399280","A","Chiffre officiel",""
"TCL","Cultures et produits animaux","250","France","5610","Importations - Quantité","01312","Bananes","1970","1970","tonnes","434683","A","Chiffre officiel",""
"TCL","Cultures et produits animaux","250","France","5610","Importations - Quantité","01312","Bananes","1974","1974","tonnes","476346","A","Chiffre officiel",""
"TCL","Cultures et produits animaux","250","France","5610","Importations - Quantité","01312","Bananes","1978","1978","tonnes","497510","A","Chiffre officiel",""
"TCL","Cultures et produits animaux","250","France","5610","Importations - Quantité","01312","Bananes","1981","1981","tonnes","462232","A","Chiffre officiel",""
"TCL","Cultures et produits animaux","250","France","5610","Importations - Quantité","01312","Bananes","1985","1985","tonnes","425637","A","Chiffre officiel",""
"TCL","Cultures et produits animaux","250","France","5610","Importations - Quantité","01312","Bananes","1989","1989","tonnes","454993","A","Chiffre officiel",""
"TCL","Cultures et produits animaux","250","France","5610","Importations - Quantité","01312","Bananes","1993","1993","tonnes","621189","A","Chiffre officiel",""
"TCL","Cultures et produits animaux","250","France","5610","Importations - Quantité","01312","Bananes","1997","1997","tonnes","334268","A","Chiffre officiel",""
"TCL","Cultures et produits animaux","250","France","5610","Importations - Quantité","01312","Bananes","2000","2000","tonnes","340676","A","Chiffre officiel",""
"TCL","Cultures et produits animaux","250","France","5610","Importations - Quantité","01312","Bananes","2004","2004","tonnes","406105","A","Chiffre officiel",""
"TCL","Cultures et produits animaux","250","France","5610","Importations - Quantité","01312","Bananes","2006","2006","tonnes","408301","A","Chiffre officiel",""
"TCL","Cultures et produits animaux","250","France","5610","Importations - Quantité","01312","Bananes","2008","2008","tonnes","569232","A","Chiffre officiel",""
"TCL","Cultures et produits animaux","250","France","5610","Importations - Quantité","01312","Bananes","2010","2010","tonnes","549809","A","Chiffre officiel",""
"TCL","Cultures et produits animaux","250","France","5610","Importations - Quantité","01312","Bananes","2012","2012","tonnes","523342","A","Chiffre officiel",""
"TCL","Cultures et produits animaux","250","France","5610","Importations - Quantité","01312","Bananes","2014","2014","tonnes","596383.7","A","Chiffre officiel",""
"TCL","Cultures et produits animaux","250","France","5610","Importations - Quantité","0111","Blé","1965","1965","tonnes","735300","A","Chiffre officiel",""
"TCL","Cultures et produits animaux","250","France","5610","Importations - Quantité","0111","Blé","1970","1970","tonnes","449526","A","Chiffre officiel",""
"TCL","Cultures et produits animaux","250","France","5610","Importations - Quantité","0111","Blé","1974","1974","tonnes","195258","A","Chiffre officiel",""
"TCL","Cultures et produits animaux","250","France","5610","Importations - Quantité","0111","Blé","1978","1978","tonnes","609131","A","Chiffre officiel",""
"TCL","Cultures et produits animaux","250","France","5610","Importations - Quantité","0111","Blé","1981","1981","tonnes","694986","A","Chiffre officiel",""
"TCL","Cultures et produits animaux","250","France","5610","Importations - Quantité","0111","Blé","1985","1985","tonnes","231480","A","Chiffre officiel",""
"TCL","Cultures et produits animaux","250","France","5610","Importations - Quantité","0111","Blé","1989","1989","tonnes","281934","A","Chiffre officiel",""
"TCL","Cultures et produits animaux","250","France","5610","Importations - Quantité","0111","Blé","1993","1993","tonnes","352971","A","Chiffre officiel",""
"TCL","Cultures et produits animaux","250","France","5610","Importations - Quantité","0111","Blé","1997","1997","tonnes","437790","A","Chiffre officiel",""
"TCL","Cultures et produits animaux","250","France","5610","Importations - Quantité","0111","Blé","2000","2000","tonnes","454147","A","Chiffre officiel",""
"TCL","Cultures et produits animaux","250","France","5610","Importations - Quantité","0111","Blé","2004","2004","tonnes","235087","A","Chiffre officiel",""
"TCL","Cultures et produits animaux","250","France","5610","Importations - Quantité","0111","Blé","2006","2006","tonnes","178325","A","Chiffre officiel",""
"TCL","Cultures et produits animaux","250","France","5610","Importations - Quantité","0111","Blé","2008","2008","tonnes","339809","A","Chiffre officiel",""
"TCL","Cultures et produits animaux","250","France","5610","Importations - Quantité","0111","Blé","2010","2010","tonnes","682484","A","Chiffre officiel",""
"TCL","Cultures et produits animaux","250","France","5610","Importations - Quantité","0111","Blé","2012","2012","tonnes","284858","A","Chiffre officiel",""
"TCL","Cultures et produits animaux","250","France","5610","Importations - Quantité","0111","Blé","2014","2014","tonnes","513652.77","A","Chiffre officiel",""
"TCL","Cultures et produits animaux","250","France","5610","Importations - Quantité","01229","Cantaloup et autres melons","1965","1965","tonnes","9101","A","Chiffre officiel",""
"TCL","Cultures et produits animaux","250","France","5610","Importations - Quantité","01229","Cantaloup et autres melons","1970","1970","tonnes","18253","A","Chiffre officiel",""
"TCL","Cultures et produits animaux","250","France","5610","Importations - Quantité","01229","Cantaloup et autres melons","1974","1974","tonnes","9700","A","Chiffre officiel",""
"TCL","Cultures et produits animaux","250","France","5610","Importations - Quantité","01229","Cantaloup et autres melons","1978","1978","tonnes","37300","A","Chiffre officiel",""
"TCL","Cultures et produits animaux","250","France","5610","Importations - Quantité","01229","Cantaloup et autres melons","1981","1981","tonnes","5203","A","Chiffre officiel",""
"TCL","Cultures et produits animaux","250","France","5610","Importations - Quantité","01229","Cantaloup et autres melons","1985","1985","tonnes","7128","A","Chiffre officiel",""
"TCL","Cultures et produits animaux","250","France","5610","Importations - Quantité","01229","Cantaloup et autres melons","1989","1989","tonnes","18651","A","Chiffre officiel",""
"TCL","Cultures et produits animaux","250","France","5610","Importations - Quantité","01229","Cantaloup et autres melons","1993","1993","tonnes","43702","A","Chiffre officiel",""
"TCL","Cultures et produits animaux","250","France","5610","Importations - Quantité","01229","Cantaloup et autres melons","1997","1997","tonnes","88469","A","Chiffre officiel",""
"TCL","Cultures et produits animaux","250","France","5610","Importations - Quantité","01229","Cantaloup et autres melons","2000","2000","tonnes","100926","A","Chiffre officiel",""
"TCL","Cultures et produits animaux","250","France","5610","Importations - Quantité","01229","Cantaloup et autres melons","2004","2004","tonnes","117889","A","Chiffre officiel",""
"TCL","Cultures et produits animaux","250","France","5610","Importations - Quantité","01229","Cantaloup et autres melons","2006","2006","tonnes","137136","A","Chiffre officiel",""
"TCL","Cultures et produits animaux","250","France","5610","Importations - Quantité","01229","Cantaloup et autres melons","2008","2008","tonnes","142030","A","Chiffre officiel",""
"TCL","Cultures et produits animaux","250","France","5610","Importations - Quantité","01229","Cantaloup et autres melons","2010","2010","tonnes","148467","A","Chiffre officiel",""
"TCL","Cultures et produits animaux","250","France","5610","Importations - Quantité","01229","Cantaloup et autres melons","2012","2012","tonnes","163963","A","Chiffre officiel",""
"TCL","Cultures et produits animaux","250","France","5610","Importations - Quantité","01229","Cantaloup et autres melons","2014","2014","tonnes","170421.53","A","Chiffre officiel",""
"TCL","Cultures et produits animaux","250","France","5610","Importations - Quantité","01251","Carottes et navets","1965","1965","tonnes","23486","A","Chiffre officiel",""
"TCL","Cultures et produits animaux","250","France","5610","Importations - Quantité","01251","Carottes et navets","1970","1970","tonnes","32277","A","Chiffre officiel",""
"TCL","Cultures et produits animaux","250","France","5610","Importations - Quantité","01251","Carottes et navets","1974","1974","tonnes","61138","A","Chiffre officiel",""
"TCL","Cultures et produits animaux","250","France","5610","Importations - Quantité","01251","Carottes et navets","1978","1978","tonnes","73342","A","Chiffre officiel",""
"TCL","Cultures et produits animaux","250","France","5610","Importations - Quantité","01251","Carottes et navets","1981","1981","tonnes","88925","A","Chiffre officiel",""
"TCL","Cultures et produits animaux","250","France","5610","Importations - Quantité","01251","Carottes et navets","1985","1985","tonnes","127310","A","Chiffre officiel",""
"TCL","Cultures et produits animaux","250","France","5610","Importations - Quantité","01251","Carottes et navets","1989","1989","tonnes","125578","A","Chiffre officiel",""
"TCL","Cultures et produits animaux","250","France","5610","Importations - Quantité","01251","Carottes et navets","1993","1993","tonnes","94471","A","Chiffre officiel",""
"TCL","Cultures et produits animaux","250","France","5610","Importations - Quantité","01251","Carottes et navets","1997","1997","tonnes","83818","A","Chiffre officiel",""
"TCL","Cultures et produits animaux","250","France","5610","Importations - Quantité","01251","Carottes et navets","2000","2000","tonnes","101353","A","Chiffre officiel",""
"TCL","Cultures et produits animaux","250","France","5610","Importations - Quantité","01251","Carottes et navets","2004","2004","tonnes","111009","A","Chiffre officiel",""
"TCL","Cultures et produits animaux","250","France","5610","Importations - Quantité","01251","Carottes et navets","2006","2006","tonnes","102487","A","Chiffre officiel",""
"TCL","Cultures et produits animaux","250","France","5610","Importations - Quantité","01251","Carottes et navets","2008","2008","tonnes","121965","A","Chiffre officiel",""
"TCL","Cultures et produits animaux","250","France","5610","Importations - Quantité","01251","Carottes et navets","2010","2010","tonnes","121668","A","Chiffre officiel",""
"TCL","Cultures et produits animaux","250","France","5610","Importations - Quantité","01251","Carottes et navets","2012","2012","tonnes","137908","A","Chiffre officiel",""
"TCL","Cultures et produits animaux","250","France","5610","Importations - Quantité","01251","Carottes et navets","2014","2014","tonnes","140152.68","A","Chiffre officiel",""
"TCL","Cultures et produits animaux","250","France","5610","Importations - Quantité","01449.02","Chanvre","2014","2014","tonnes","164.3","A","Chiffre officiel",""
"TCL","Cultures et produits animaux","250","France","5610","Importations - Quantité","01212","Choux","1965","1965","tonnes","7776","A","Chiffre officiel",""
"TCL","Cultures et produits animaux","250","France","5610","Importations - Quantité","01212","Choux","1970","1970","tonnes","8770","A","Chiffre officiel",""
"TCL","Cultures et produits animaux","250","France","5610","Importations - Quantité","01212","Choux","1974","1974","tonnes","15746","A","Chiffre officiel",""
"TCL","Cultures et produits animaux","250","France","5610","Importations - Quantité","01212","Choux","1978","1978","tonnes","13643","A","Chiffre officiel",""
"TCL","Cultures et produits animaux","250","France","5610","Importations - Quantité","01212","Choux","1981","1981","tonnes","23948","A","Chiffre officiel",""
"TCL","Cultures et produits animaux","250","France","5610","Importations - Quantité","01212","Choux","1985","1985","tonnes","33665","A","Chiffre officiel",""
"TCL","Cultures et produits animaux","250","France","5610","Importations - Quantité","01212","Choux","1989","1989","tonnes","31103","A","Chiffre officiel",""
"TCL","Cultures et produits animaux","250","France","5610","Importations - Quantité","01212","Choux","1993","1993","tonnes","25788","A","Chiffre officiel",""
"TCL","Cultures et produits animaux","250","France","5610","Importations - Quantité","01212","Choux","1997","1997","tonnes","30178","A","Chiffre officiel",""
"TCL","Cultures et produits animaux","250","France","5610","Importations - Quantité","01212","Choux","2000","2000","tonnes","33491","A","Chiffre officiel",""
"TCL","Cultures et produits animaux","250","France","5610","Importations - Quantité","01212","Choux","2004","2004","tonnes","36407","A","Chiffre officiel",""
"TCL","Cultures et produits animaux","250","France","5610","Importations - Quantité","01212","Choux","2006","2006","tonnes","36880","A","Chiffre officiel",""
"TCL","Cultures et produits animaux","250","France","5610","Importations - Quantité","01212","Choux","2008","2008","tonnes","41642","A","Chiffre officiel",""
"TCL","Cultures et produits animaux","250","France","5610","Importations - Quantité","01212","Choux","2010","2010","tonnes","46746","A","Chiffre officiel",""
"TCL","Cultures et produits animaux","250","France","5610","Importations - Quantité","01212","Choux","2012","2012","tonnes","45170","A","Chiffre officiel",""
"TCL","Cultures et produits animaux","250","France","5610","Importations - Quantité","01212","Choux","2014","2014","tonnes","50412.05","A","Chiffre officiel",""
"TCL","Cultures et produits animaux","250","France","5610","Importations - Quantité","01322","Citrons et limes","1965","1965","tonnes","86486","A","Chiffre officiel",""
"TCL","Cultures et produits animaux","250","France","5610","Importations - Quantité","01322","Citrons et limes","1970","1970","tonnes","96251","A","Chiffre officiel",""
"TCL","Cultures et produits animaux","250","France","5610","Importations - Quantité","01322","Citrons et limes","1974","1974","tonnes","103166","A","Chiffre officiel",""
"TCL","Cultures et produits animaux","250","France","5610","Importations - Quantité","01322","Citrons et limes","1978","1978","tonnes","116514","A","Chiffre officiel",""
"TCL","Cultures et produits animaux","250","France","5610","Importations - Quantité","01322","Citrons et limes","1981","1981","tonnes","115884","A","Chiffre officiel",""
"TCL","Cultures et produits animaux","250","France","5610","Importations - Quantité","01322","Citrons et limes","1985","1985","tonnes","125469","A","Chiffre officiel",""
"TCL","Cultures et produits animaux","250","France","5610","Importations - Quantité","01322","Citrons et limes","1989","1989","tonnes","144265","A","Chiffre officiel",""
"TCL","Cultures et produits animaux","250","France","5610","Importations - Quantité","01322","Citrons et limes","1993","1993","tonnes","118441","A","Chiffre officiel",""
"TCL","Cultures et produits animaux","250","France","5610","Importations - Quantité","01322","Citrons et limes","1997","1997","tonnes","123192","A","Chiffre officiel",""
"TCL","Cultures et produits animaux","250","France","5610","Importations - Quantité","01322","Citrons et limes","2000","2000","tonnes","116281","A","Chiffre officiel",""
"TCL","Cultures et produits animaux","250","France","5610","Importations - Quantité","01322","Citrons et limes","2004","2004","tonnes","118066","A","Chiffre officiel",""
"TCL","Cultures et produits animaux","250","France","5610","Importations - Quantité","01322","Citrons et limes","2006","2006","tonnes","111355","A","Chiffre officiel",""
"TCL","Cultures et produits animaux","250","France","5610","Importations - Quantité","01322","Citrons et limes","2008","2008","tonnes","115440","A","Chiffre officiel",""
"TCL","Cultures et produits animaux","250","France","5610","Importations - Quantité","01322","Citrons et limes","2010","2010","tonnes","126466","A","Chiffre officiel",""
"TCL","Cultures et produits animaux","250","France","5610","Importations - Quantité","01322","Citrons et limes","2012","2012","tonnes","137725","A","Chiffre officiel",""
"TCL","Cultures et produits animaux","250","France","5610","Importations - Quantité","01322","Citrons et limes","2014","2014","tonnes","135954.01","A","Chiffre officiel",""
"TCL","Cultures et produits animaux","250","France","5610","Importations - Quantité","23110","Farine de blé et de méteil","1965","1965","tonnes","11600","A","Chiffre officiel",""
"TCL","Cultures et produits animaux","250","France","5610","Importations - Quantité","23110","Farine de blé et de méteil","1970","1970","tonnes","5010","A","Chiffre officiel",""
"TCL","Cultures et produits animaux","250","France","5610","Importations - Quantité","23110","Farine de blé et de méteil","1974","1974","tonnes","19569","A","Chiffre officiel",""
"TCL","Cultures et produits animaux","250","France","5610","Importations - Quantité","23110","Farine de blé et de méteil","1978","1978","tonnes","14549","A","Chiffre officiel",""
"TCL","Cultures et produits animaux","250","France","5610","Importations - Quantité","23110","Farine de blé et de méteil","1981","1981","tonnes","39441","A","Chiffre officiel",""
"TCL","Cultures et produits animaux","250","France","5610","Importations - Quantité","23110","Farine de blé et de méteil","1985","1985","tonnes","63018","A","Chiffre officiel",""
"TCL","Cultures et produits animaux","250","France","5610","Importations - Quantité","23110","Farine de blé et de méteil","1989","1989","tonnes","87507","A","Chiffre officiel",""
"TCL","Cultures et produits animaux","250","France","5610","Importations - Quantité","23110","Farine de blé et de méteil","1993","1993","tonnes","132423","A","Chiffre officiel",""
"TCL","Cultures et produits animaux","250","France","5610","Importations - Quantité","23110","Farine de blé et de méteil","1997","1997","tonnes","203026","A","Chiffre officiel",""
"TCL","Cultures et produits animaux","250","France","5610","Importations - Quantité","23110","Farine de blé et de méteil","2000","2000","tonnes","267897","A","Chiffre officiel",""
"TCL","Cultures et produits animaux","250","France","5610","Importations - Quantité","23110","Farine de blé et de méteil","2004","2004","tonnes","210345","A","Chiffre officiel",""
"TCL","Cultures et produits animaux","250","France","5610","Importations - Quantité","23110","Farine de blé et de méteil","2006","2006","tonnes","208182","A","Chiffre officiel",""
"TCL","Cultures et produits animaux","250","France","5610","Importations - Quantité","23110","Farine de blé et de méteil","2008","2008","tonnes","247433","A","Chiffre officiel",""
"TCL","Cultures et produits animaux","250","France","5610","Importations - Quantité","23110","Farine de blé et de méteil","2010","2010","tonnes","253111","A","Chiffre officiel",""
"TCL","Cultures et produits animaux","250","France","5610","Importations - Quantité","23110","Farine de blé et de méteil","2012","2012","tonnes","285466","A","Chiffre officiel",""
"TCL","Cultures et produits animaux","250","France","5610","Importations - Quantité","23110","Farine de blé et de méteil","2014","2014","tonnes","360134.58","A","Chiffre officiel",""
"TCL","Cultures et produits animaux","250","France","5610","Importations - Quantité","0141","Fèves de soja","1965","1965","tonnes","108520","A","Chiffre officiel",""
"TCL","Cultures et produits animaux","250","France","5610","Importations - Quantité","0141","Fèves de soja","1970","1970","tonnes","441584","A","Chiffre officiel",""
"TCL","Cultures et produits animaux","250","France","5610","Importations - Quantité","0141","Fèves de soja","1974","1974","tonnes","564041","A","Chiffre officiel",""
"TCL","Cultures et produits animaux","250","France","5610","Importations - Quantité","0141","Fèves de soja","1978","1978","tonnes","782098","A","Chiffre officiel",""
"TCL","Cultures et produits animaux","250","France","5610","Importations - Quantité","0141","Fèves de soja","1981","1981","tonnes","564021","A","Chiffre officiel",""
"TCL","Cultures et produits animaux","250","France","5610","Importations - Quantité","0141","Fèves de soja","1985","1985","tonnes","600004","A","Chiffre officiel",""
"TCL","Cultures et produits animaux","250","France","5610","Importations - Quantité","0141","Fèves de soja","1989","1989","tonnes","256158","A","Chiffre officiel",""
"TCL","Cultures et produits animaux","250","France","5610","Importations - Quantité","0141","Fèves de soja","1993","1993","tonnes","517011","A","Chiffre officiel",""
"TCL","Cultures et produits animaux","250","France","5610","Importations - Quantité","0141","Fèves de soja","1997","1997","tonnes","680445","A","Chiffre officiel",""
"TCL","Cultures et produits animaux","250","France","5610","Importations - Quantité","0141","Fèves de soja","2000","2000","tonnes","440851","A","Chiffre officiel",""
"TCL","Cultures et produits animaux","250","France","5610","Importations - Quantité","0141","Fèves de soja","2004","2004","tonnes","482343","A","Chiffre officiel",""
"TCL","Cultures et produits animaux","250","France","5610","Importations - Quantité","0141","Fèves de soja","2006","2006","tonnes","359214","A","Chiffre officiel",""
"TCL","Cultures et produits animaux","250","France","5610","Importations - Quantité","0141","Fèves de soja","2008","2008","tonnes","437904","X","Ciffre de sources internationales","Données estimées en utilisant les données des pays partenaires"
"TCL","Cultures et produits animaux","250","France","5610","Importations - Quantité","0141","Fèves de soja","2010","2010","tonnes","541528","A","Chiffre officiel",""
"TCL","Cultures et produits animaux","250","France","5610","Importations - Quantité","0141","Fèves de soja","2012","2012","tonnes","647673","A","Chiffre officiel",""
"TCL","Cultures et produits animaux","250","France","5610","Importations - Quantité","0141","Fèves de soja","2014","2014","tonnes","701438.16","A","Chiffre officiel",""
"TCL","Cultures et produits animaux","250","France","5610","Importations - Quantité","01702","Fèves et féveroles, sèches","1965","1965","tonnes","29401","A","Chiffre officiel",""
"TCL","Cultures et produits animaux","250","France","5610","Importations - Quantité","01702","Fèves et féveroles, sèches","1970","1970","tonnes","708","A","Chiffre officiel",""
"TCL","Cultures et produits animaux","250","France","5610","Importations - Quantité","01702","Fèves et féveroles, sèches","1974","1974","tonnes","20321","A","Chiffre officiel",""
"TCL","Cultures et produits animaux","250","France","5610","Importations - Quantité","01702","Fèves et féveroles, sèches","1978","1978","tonnes","17156","A","Chiffre officiel",""
"TCL","Cultures et produits animaux","250","France","5610","Importations - Quantité","01702","Fèves et féveroles, sèches","1981","1981","tonnes","10682","A","Chiffre officiel",""
"TCL","Cultures et produits animaux","250","France","5610","Importations - Quantité","01702","Fèves et féveroles, sèches","1985","1985","tonnes","1332","A","Chiffre officiel",""
"TCL","Cultures et produits animaux","250","France","5610","Importations - Quantité","01702","Fèves et féveroles, sèches","1989","1989","tonnes","5231","A","Chiffre officiel",""
"TCL","Cultures et produits animaux","250","France","5610","Importations - Quantité","01702","Fèves et féveroles, sèches","1993","1993","tonnes","8460","A","Chiffre officiel",""
"TCL","Cultures et produits animaux","250","France","5610","Importations - Quantité","01702","Fèves et féveroles, sèches","1997","1997","tonnes","1501","A","Chiffre officiel",""
"TCL","Cultures et produits animaux","250","France","5610","Importations - Quantité","01702","Fèves et féveroles, sèches","2000","2000","tonnes","3420","A","Chiffre officiel",""
"TCL","Cultures et produits animaux","250","France","5610","Importations - Quantité","01702","Fèves et féveroles, sèches","2004","2004","tonnes","1807","A","Chiffre officiel",""
"TCL","Cultures et produits animaux","250","France","5610","Importations - Quantité","01702","Fèves et féveroles, sèches","2006","2006","tonnes","3914","A","Chiffre officiel",""
"TCL","Cultures et produits animaux","250","France","5610","Importations - Quantité","01702","Fèves et féveroles, sèches","2008","2008","tonnes","6003","A","Chiffre officiel",""
"TCL","Cultures et produits animaux","250","France","5610","Importations - Quantité","01702","Fèves et féveroles, sèches","2010","2010","tonnes","1988","A","Chiffre officiel",""
"TCL","Cultures et produits animaux","250","France","5610","Importations - Quantité","01702","Fèves et féveroles, sèches","2012","2012","tonnes","7493","A","Chiffre officiel",""
"TCL","Cultures et produits animaux","250","France","5610","Importations - Quantité","01702","Fèves et féveroles, sèches","2014","2014","tonnes","15003.5","A","Chiffre officiel",""
"TCL","Cultures et produits animaux","250","France","5610","Importations - Quantité","01441","Graines de lin","1965","1965","tonnes","63571","A","Chiffre officiel",""
"TCL","Cultures et produits animaux","250","France","5610","Importations - Quantité","01441","Graines de lin","1970","1970","tonnes","38819","A","Chiffre officiel",""
"TCL","Cultures et produits animaux","250","France","5610","Importations - Quantité","01441","Graines de lin","1974","1974","tonnes","23191","A","Chiffre officiel",""
"TCL","Cultures et produits animaux","250","France","5610","Importations - Quantité","01441","Graines de lin","1978","1978","tonnes","39617","A","Chiffre officiel",""
"TCL","Cultures et produits animaux","250","France","5610","Importations - Quantité","01441","Graines de lin","1981","1981","tonnes","27342","A","Chiffre officiel",""
"TCL","Cultures et produits animaux","250","France","5610","Importations - Quantité","01441","Graines de lin","1985","1985","tonnes","10691","A","Chiffre officiel",""
"TCL","Cultures et produits animaux","250","France","5610","Importations - Quantité","01441","Graines de lin","1989","1989","tonnes","8940","A","Chiffre officiel",""
"TCL","Cultures et produits animaux","250","France","5610","Importations - Quantité","01441","Graines de lin","1993","1993","tonnes","6278","A","Chiffre officiel",""
"TCL","Cultures et produits animaux","250","France","5610","Importations - Quantité","01441","Graines de lin","1997","1997","tonnes","20339","A","Chiffre officiel",""
"TCL","Cultures et produits animaux","250","France","5610","Importations - Quantité","01441","Graines de lin","2000","2000","tonnes","20483","A","Chiffre officiel",""
"TCL","Cultures et produits animaux","250","France","5610","Importations - Quantité","01441","Graines de lin","2004","2004","tonnes","28802","A","Chiffre officiel",""
"TCL","Cultures et produits animaux","250","France","5610","Importations - Quantité","01441","Graines de lin","2006","2006","tonnes","29081","A","Chiffre officiel",""
"TCL","Cultures et produits animaux","250","France","5610","Importations - Quantité","01441","Graines de lin","2008","2008","tonnes","42128","A","Chiffre officiel",""
"TCL","Cultures et produits animaux","250","France","5610","Importations - Quantité","01441","Graines de lin","2010","2010","tonnes","29606","A","Chiffre officiel",""
"TCL","Cultures et produits animaux","250","France","5610","Importations - Quantité","01441","Graines de lin","2012","2012","tonnes","38757","A","Chiffre officiel",""
"TCL","Cultures et produits animaux","250","France","5610","Importations - Quantité","01441","Graines de lin","2014","2014","tonnes","41672.7","A","Chiffre officiel",""
"TCL","Cultures et produits animaux","250","France","5610","Importations - Quantité","01701","Haricots secs","1965","1965","tonnes","35542","A","Chiffre officiel",""
"TCL","Cultures et produits animaux","250","France","5610","Importations - Quantité","01701","Haricots secs","1970","1970","tonnes","43950","A","Chiffre officiel",""
"TCL","Cultures et produits animaux","250","France","5610","Importations - Quantité","01701","Haricots secs","1974","1974","tonnes","40416","A","Chiffre officiel",""
"TCL","Cultures et produits animaux","250","France","5610","Importations - Quantité","01701","Haricots secs","1978","1978","tonnes","44190","A","Chiffre officiel",""
"TCL","Cultures et produits animaux","250","France","5610","Importations - Quantité","01701","Haricots secs","1981","1981","tonnes","47521","A","Chiffre officiel",""
"TCL","Cultures et produits animaux","250","France","5610","Importations - Quantité","01701","Haricots secs","1985","1985","tonnes","51802","A","Chiffre officiel",""
"TCL","Cultures et produits animaux","250","France","5610","Importations - Quantité","01701","Haricots secs","1989","1989","tonnes","49941","A","Chiffre officiel",""
"TCL","Cultures et produits animaux","250","France","5610","Importations - Quantité","01701","Haricots secs","1993","1993","tonnes","56280","A","Chiffre officiel",""
"TCL","Cultures et produits animaux","250","France","5610","Importations - Quantité","01701","Haricots secs","1997","1997","tonnes","59824","A","Chiffre officiel",""
"TCL","Cultures et produits animaux","250","France","5610","Importations - Quantité","01701","Haricots secs","2000","2000","tonnes","52988","A","Chiffre officiel",""
"TCL","Cultures et produits animaux","250","France","5610","Importations - Quantité","01701","Haricots secs","2004","2004","tonnes","50237","A","Chiffre officiel",""
"TCL","Cultures et produits animaux","250","France","5610","Importations - Quantité","01701","Haricots secs","2006","2006","tonnes","46964","A","Chiffre officiel",""
"TCL","Cultures et produits animaux","250","France","5610","Importations - Quantité","01701","Haricots secs","2008","2008","tonnes","50828","A","Chiffre officiel",""
"TCL","Cultures et produits animaux","250","France","5610","Importations - Quantité","01701","Haricots secs","2010","2010","tonnes","45230","A","Chiffre officiel",""
"TCL","Cultures et produits animaux","250","France","5610","Importations - Quantité","01701","Haricots secs","2012","2012","tonnes","42818","A","Chiffre officiel",""
"TCL","Cultures et produits animaux","250","France","5610","Importations - Quantité","01701","Haricots secs","2014","2014","tonnes","43163.51","A","Chiffre officiel",""
"TCL","Cultures et produits animaux","250","France","5610","Importations - Quantité","21641.01","Huile de colza ou de canola, brute","1965","1965","tonnes","1292","A","Chiffre officiel",""
"TCL","Cultures et produits animaux","250","France","5610","Importations - Quantité","21641.01","Huile de colza ou de canola, brute","1970","1970","tonnes","4163","A","Chiffre officiel",""
"TCL","Cultures et produits animaux","250","France","5610","Importations - Quantité","21641.01","Huile de colza ou de canola, brute","1974","1974","tonnes","5135","A","Chiffre officiel",""
"TCL","Cultures et produits animaux","250","France","5610","Importations - Quantité","21641.01","Huile de colza ou de canola, brute","1978","1978","tonnes","2832","A","Chiffre officiel",""
"TCL","Cultures et produits animaux","250","France","5610","Importations - Quantité","21641.01","Huile de colza ou de canola, brute","1981","1981","tonnes","11036","A","Chiffre officiel",""
"TCL","Cultures et produits animaux","250","France","5610","Importations - Quantité","21641.01","Huile de colza ou de canola, brute","1985","1985","tonnes","35326","A","Chiffre officiel",""
"TCL","Cultures et produits animaux","250","France","5610","Importations - Quantité","21641.01","Huile de colza ou de canola, brute","1989","1989","tonnes","31483","A","Chiffre officiel",""
"TCL","Cultures et produits animaux","250","France","5610","Importations - Quantité","21641.01","Huile de colza ou de canola, brute","1993","1993","tonnes","34661","A","Chiffre officiel",""
"TCL","Cultures et produits animaux","250","France","5610","Importations - Quantité","21641.01","Huile de colza ou de canola, brute","1997","1997","tonnes","150758","A","Chiffre officiel",""
"TCL","Cultures et produits animaux","250","France","5610","Importations - Quantité","21641.01","Huile de colza ou de canola, brute","2000","2000","tonnes","183090","A","Chiffre officiel",""
"TCL","Cultures et produits animaux","250","France","5610","Importations - Quantité","21641.01","Huile de colza ou de canola, brute","2004","2004","tonnes","125304","A","Chiffre officiel",""
"TCL","Cultures et produits animaux","250","France","5610","Importations - Quantité","21641.01","Huile de colza ou de canola, brute","2006","2006","tonnes","180461","A","Chiffre officiel",""
"TCL","Cultures et produits animaux","250","France","5610","Importations - Quantité","21641.01","Huile de colza ou de canola, brute","2008","2008","tonnes","400294","A","Chiffre officiel",""
"TCL","Cultures et produits animaux","250","France","5610","Importations - Quantité","21641.01","Huile de colza ou de canola, brute","2010","2010","tonnes","230873","A","Chiffre officiel",""
"TCL","Cultures et produits animaux","250","France","5610","Importations - Quantité","21641.01","Huile de colza ou de canola, brute","2012","2012","tonnes","210761","A","Chiffre officiel",""
"TCL","Cultures et produits animaux","250","France","5610","Importations - Quantité","21641.01","Huile de colza ou de canola, brute","2014","2014","tonnes","143377.42","A","Chiffre officiel",""
"TCL","Cultures et produits animaux","250","France","5610","Importations - Quantité","21631.01","Huile de graines de tournesol, brute","1965","1965","tonnes","1258","A","Chiffre officiel",""
"TCL","Cultures et produits animaux","250","France","5610","Importations - Quantité","21631.01","Huile de graines de tournesol, brute","1970","1970","tonnes","58071","A","Chiffre officiel",""
"TCL","Cultures et produits animaux","250","France","5610","Importations - Quantité","21631.01","Huile de graines de tournesol, brute","1974","1974","tonnes","108828","A","Chiffre officiel",""
"TCL","Cultures et produits animaux","250","France","5610","Importations - Quantité","21631.01","Huile de graines de tournesol, brute","1978","1978","tonnes","135874","A","Chiffre officiel",""
"TCL","Cultures et produits animaux","250","France","5610","Importations - Quantité","21631.01","Huile de graines de tournesol, brute","1981","1981","tonnes","141294","A","Chiffre officiel",""
"TCL","Cultures et produits animaux","250","France","5610","Importations - Quantité","21631.01","Huile de graines de tournesol, brute","1985","1985","tonnes","147418","A","Chiffre officiel",""
"TCL","Cultures et produits animaux","250","France","5610","Importations - Quantité","21631.01","Huile de graines de tournesol, brute","1989","1989","tonnes","81054","A","Chiffre officiel",""
"TCL","Cultures et produits animaux","250","France","5610","Importations - Quantité","21631.01","Huile de graines de tournesol, brute","1993","1993","tonnes","134366","A","Chiffre officiel",""
"TCL","Cultures et produits animaux","250","France","5610","Importations - Quantité","21631.01","Huile de graines de tournesol, brute","1997","1997","tonnes","218576","A","Chiffre officiel",""
"TCL","Cultures et produits animaux","250","France","5610","Importations - Quantité","21631.01","Huile de graines de tournesol, brute","2000","2000","tonnes","131276","A","Chiffre officiel",""
"TCL","Cultures et produits animaux","250","France","5610","Importations - Quantité","21631.01","Huile de graines de tournesol, brute","2004","2004","tonnes","118544","A","Chiffre officiel",""
"TCL","Cultures et produits animaux","250","France","5610","Importations - Quantité","21631.01","Huile de graines de tournesol, brute","2006","2006","tonnes","403395","A","Chiffre officiel",""
"TCL","Cultures et produits animaux","250","France","5610","Importations - Quantité","21631.01","Huile de graines de tournesol, brute","2008","2008","tonnes","298171","A","Chiffre officiel",""
"TCL","Cultures et produits animaux","250","France","5610","Importations - Quantité","21631.01","Huile de graines de tournesol, brute","2010","2010","tonnes","185156","A","Chiffre officiel",""
"TCL","Cultures et produits animaux","250","France","5610","Importations - Quantité","21631.01","Huile de graines de tournesol, brute","2012","2012","tonnes","230982","A","Chiffre officiel",""
"TCL","Cultures et produits animaux","250","France","5610","Importations - Quantité","21631.01","Huile de graines de tournesol, brute","2014","2014","tonnes","182235.76","A","Chiffre officiel",""
"TCL","Cultures et produits animaux","250","France","5610","Importations - Quantité","2165","Huile de palme","1965","1965","tonnes","36730","A","Chiffre officiel",""
"TCL","Cultures et produits animaux","250","France","5610","Importations - Quantité","2165","Huile de palme","1970","1970","tonnes","41065","A","Chiffre officiel",""
"TCL","Cultures et produits animaux","250","France","5610","Importations - Quantité","2165","Huile de palme","1974","1974","tonnes","56446","A","Chiffre officiel",""
"TCL","Cultures et produits animaux","250","France","5610","Importations - Quantité","2165","Huile de palme","1978","1978","tonnes","67259","A","Chiffre officiel",""
"TCL","Cultures et produits animaux","250","France","5610","Importations - Quantité","2165","Huile de palme","1981","1981","tonnes","63961","A","Chiffre officiel",""
"TCL","Cultures et produits animaux","250","France","5610","Importations - Quantité","2165","Huile de palme","1985","1985","tonnes","62617","A","Chiffre officiel",""
"TCL","Cultures et produits animaux","250","France","5610","Importations - Quantité","2165","Huile de palme","1989","1989","tonnes","69599","A","Chiffre officiel",""
"TCL","Cultures et produits animaux","250","France","5610","Importations - Quantité","2165","Huile de palme","1993","1993","tonnes","78519","A","Chiffre officiel",""
"TCL","Cultures et produits animaux","250","France","5610","Importations - Quantité","2165","Huile de palme","1997","1997","tonnes","103548","A","Chiffre officiel",""
"TCL","Cultures et produits animaux","250","France","5610","Importations - Quantité","2165","Huile de palme","2000","2000","tonnes","124321","A","Chiffre officiel",""
"TCL","Cultures et produits animaux","250","France","5610","Importations - Quantité","2165","Huile de palme","2004","2004","tonnes","267586","A","Chiffre officiel",""
"TCL","Cultures et produits animaux","250","France","5610","Importations - Quantité","2165","Huile de palme","2006","2006","tonnes","334841","A","Chiffre officiel",""
"TCL","Cultures et produits animaux","250","France","5610","Importations - Quantité","2165","Huile de palme","2008","2008","tonnes","377456","A","Chiffre officiel",""
"TCL","Cultures et produits animaux","250","France","5610","Importations - Quantité","2165","Huile de palme","2010","2010","tonnes","327516","A","Chiffre officiel",""
"TCL","Cultures et produits animaux","250","France","5610","Importations - Quantité","2165","Huile de palme","2012","2012","tonnes","421821","A","Chiffre officiel",""
"TCL","Cultures et produits animaux","250","France","5610","Importations - Quantité","2165","Huile de palme","2014","2014","tonnes","418433.53","A","Chiffre officiel",""
"TCL","Cultures et produits animaux","250","France","5610","Importations - Quantité","2167","Huile d'olives","1965","1965","tonnes","15647","A","Chiffre officiel",""
"TCL","Cultures et produits animaux","250","France","5610","Importations - Quantité","2167","Huile d'olives","1970","1970","tonnes","14956","A","Chiffre officiel",""
"TCL","Cultures et produits animaux","250","France","5610","Importations - Quantité","2167","Huile d'olives","1974","1974","tonnes","25622","A","Chiffre officiel",""
"TCL","Cultures et produits animaux","250","France","5610","Importations - Quantité","2167","Huile d'olives","1978","1978","tonnes","21132","A","Chiffre officiel",""
"TCL","Cultures et produits animaux","250","France","5610","Importations - Quantité","2167","Huile d'olives","1981","1981","tonnes","33187","A","Chiffre officiel",""
"TCL","Cultures et produits animaux","250","France","5610","Importations - Quantité","2167","Huile d'olives","1985","1985","tonnes","30017","A","Chiffre officiel",""
"TCL","Cultures et produits animaux","250","France","5610","Importations - Quantité","2167","Huile d'olives","1989","1989","tonnes","35959","A","Chiffre officiel",""
"TCL","Cultures et produits animaux","250","France","5610","Importations - Quantité","2167","Huile d'olives","1993","1993","tonnes","55761","A","Chiffre officiel",""
"TCL","Cultures et produits animaux","250","France","5610","Importations - Quantité","2167","Huile d'olives","1997","1997","tonnes","68308","A","Chiffre officiel",""
"TCL","Cultures et produits animaux","250","France","5610","Importations - Quantité","2167","Huile d'olives","2000","2000","tonnes","82705","A","Chiffre officiel",""
"TCL","Cultures et produits animaux","250","France","5610","Importations - Quantité","2167","Huile d'olives","2004","2004","tonnes","99238","A","Chiffre officiel",""
"TCL","Cultures et produits animaux","250","France","5610","Importations - Quantité","2167","Huile d'olives","2006","2006","tonnes","100590","A","Chiffre officiel",""
"TCL","Cultures et produits animaux","250","France","5610","Importations - Quantité","2167","Huile d'olives","2008","2008","tonnes","109434","A","Chiffre officiel",""
"TCL","Cultures et produits animaux","250","France","5610","Importations - Quantité","2167","Huile d'olives","2010","2010","tonnes","113097","X","Ciffre de sources internationales","Données estimées en utilisant les données des pays partenaires"
"TCL","Cultures et produits animaux","250","France","5610","Importations - Quantité","2167","Huile d'olives","2012","2012","tonnes","116500","A","Chiffre officiel",""
"TCL","Cultures et produits animaux","250","France","5610","Importations - Quantité","2167","Huile d'olives","2014","2014","tonnes","115268.79","A","Chiffre officiel",""
"TCL","Cultures et produits animaux","250","France","5610","Importations - Quantité","01214","Laitue et chicorée","1965","1965","tonnes","60021","A","Chiffre officiel",""
"TCL","Cultures et produits animaux","250","France","5610","Importations - Quantité","01214","Laitue et chicorée","1970","1970","tonnes","50504","A","Chiffre officiel",""
"TCL","Cultures et produits animaux","250","France","5610","Importations - Quantité","01214","Laitue et chicorée","1974","1974","tonnes","31196","A","Chiffre officiel",""
"TCL","Cultures et produits animaux","250","France","5610","Importations - Quantité","01214","Laitue et chicorée","1978","1978","tonnes","24369","A","Chiffre officiel",""
"TCL","Cultures et produits animaux","250","France","5610","Importations - Quantité","01214","Laitue et chicorée","1981","1981","tonnes","17874","A","Chiffre officiel",""
"TCL","Cultures et produits animaux","250","France","5610","Importations - Quantité","01214","Laitue et chicorée","1985","1985","tonnes","39479","A","Chiffre officiel",""
"TCL","Cultures et produits animaux","250","France","5610","Importations - Quantité","01214","Laitue et chicorée","1989","1989","tonnes","44494","A","Chiffre officiel",""
"TCL","Cultures et produits animaux","250","France","5610","Importations - Quantité","01214","Laitue et chicorée","1993","1993","tonnes","38992","A","Chiffre officiel",""
"TCL","Cultures et produits animaux","250","France","5610","Importations - Quantité","01214","Laitue et chicorée","1997","1997","tonnes","49920","A","Chiffre officiel",""
"TCL","Cultures et produits animaux","250","France","5610","Importations - Quantité","01214","Laitue et chicorée","2000","2000","tonnes","68898","A","Chiffre officiel",""
"TCL","Cultures et produits animaux","250","France","5610","Importations - Quantité","01214","Laitue et chicorée","2004","2004","tonnes","91555","A","Chiffre officiel",""
"TCL","Cultures et produits animaux","250","France","5610","Importations - Quantité","01214","Laitue et chicorée","2006","2006","tonnes","100951","A","Chiffre officiel",""
"TCL","Cultures et produits animaux","250","France","5610","Importations - Quantité","01214","Laitue et chicorée","2008","2008","tonnes","87537","X","Ciffre de sources internationales","Données estimées en utilisant les données des pays partenaires"
"TCL","Cultures et produits animaux","250","France","5610","Importations - Quantité","01214","Laitue et chicorée","2010","2010","tonnes","96197","A","Chiffre officiel",""
"TCL","Cultures et produits animaux","250","France","5610","Importations - Quantité","01214","Laitue et chicorée","2012","2012","tonnes","115208","A","Chiffre officiel",""
"TCL","Cultures et produits animaux","250","France","5610","Importations - Quantité","01214","Laitue et chicorée","2014","2014","tonnes","118925.24","A","Chiffre officiel",""
"TCL","Cultures et produits animaux","250","France","5610","Importations - Quantité","01704","Lentilles secs","1965","1965","tonnes","19289","A","Chiffre officiel",""
"TCL","Cultures et produits animaux","250","France","5610","Importations - Quantité","01704","Lentilles secs","1970","1970","tonnes","20805","A","Chiffre officiel",""
"TCL","Cultures et produits animaux","250","France","5610","Importations - Quantité","01704","Lentilles secs","1974","1974","tonnes","22986","A","Chiffre officiel",""
"TCL","Cultures et produits animaux","250","France","5610","Importations - Quantité","01704","Lentilles secs","1978","1978","tonnes","18349","A","Chiffre officiel",""
"TCL","Cultures et produits animaux","250","France","5610","Importations - Quantité","01704","Lentilles secs","1981","1981","tonnes","21101","A","Chiffre officiel",""
"TCL","Cultures et produits animaux","250","France","5610","Importations - Quantité","01704","Lentilles secs","1985","1985","tonnes","20313","A","Chiffre officiel",""
"TCL","Cultures et produits animaux","250","France","5610","Importations - Quantité","01704","Lentilles secs","1989","1989","tonnes","23400","A","Chiffre officiel",""
"TCL","Cultures et produits animaux","250","France","5610","Importations - Quantité","01704","Lentilles secs","1993","1993","tonnes","36923","A","Chiffre officiel",""
"TCL","Cultures et produits animaux","250","France","5610","Importations - Quantité","01704","Lentilles secs","1997","1997","tonnes","26338","A","Chiffre officiel",""
"TCL","Cultures et produits animaux","250","France","5610","Importations - Quantité","01704","Lentilles secs","2000","2000","tonnes","35597","A","Chiffre officiel",""
"TCL","Cultures et produits animaux","250","France","5610","Importations - Quantité","01704","Lentilles secs","2004","2004","tonnes","26612","A","Chiffre officiel",""
"TCL","Cultures et produits animaux","250","France","5610","Importations - Quantité","01704","Lentilles secs","2006","2006","tonnes","31903","A","Chiffre officiel",""
"TCL","Cultures et produits animaux","250","France","5610","Importations - Quantité","01704","Lentilles secs","2008","2008","tonnes","31086","A","Chiffre officiel",""
"TCL","Cultures et produits animaux","250","France","5610","Importations - Quantité","01704","Lentilles secs","2010","2010","tonnes","29735","A","Chiffre officiel",""
"TCL","Cultures et produits animaux","250","France","5610","Importations - Quantité","01704","Lentilles secs","2012","2012","tonnes","25457","A","Chiffre officiel",""
"TCL","Cultures et produits animaux","250","France","5610","Importations - Quantité","01704","Lentilles secs","2014","2014","tonnes","29844.22","A","Chiffre officiel",""
"TCL","Cultures et produits animaux","250","France","5610","Importations - Quantité","0112","Maïs","1965","1965","tonnes","665900","A","Chiffre officiel",""
"TCL","Cultures et produits animaux","250","France","5610","Importations - Quantité","0112","Maïs","1970","1970","tonnes","462100","A","Chiffre officiel",""
"TCL","Cultures et produits animaux","250","France","5610","Importations - Quantité","0112","Maïs","1974","1974","tonnes","238169","A","Chiffre officiel",""
"TCL","Cultures et produits animaux","250","France","5610","Importations - Quantité","0112","Maïs","1978","1978","tonnes","859294","A","Chiffre officiel",""
"TCL","Cultures et produits animaux","250","France","5610","Importations - Quantité","0112","Maïs","1981","1981","tonnes","647756","A","Chiffre officiel",""
"TCL","Cultures et produits animaux","250","France","5610","Importations - Quantité","0112","Maïs","1985","1985","tonnes","474193","A","Chiffre officiel",""
"TCL","Cultures et produits animaux","250","France","5610","Importations - Quantité","0112","Maïs","1989","1989","tonnes","100419","A","Chiffre officiel",""
"TCL","Cultures et produits animaux","250","France","5610","Importations - Quantité","0112","Maïs","1993","1993","tonnes","292923","A","Chiffre officiel",""
"TCL","Cultures et produits animaux","250","France","5610","Importations - Quantité","0112","Maïs","1997","1997","tonnes","226505","A","Chiffre officiel",""
"TCL","Cultures et produits animaux","250","France","5610","Importations - Quantité","0112","Maïs","2000","2000","tonnes","281458","A","Chiffre officiel",""
"TCL","Cultures et produits animaux","250","France","5610","Importations - Quantité","0112","Maïs","2004","2004","tonnes","323019","A","Chiffre officiel",""
"TCL","Cultures et produits animaux","250","France","5610","Importations - Quantité","0112","Maïs","2006","2006","tonnes","252916","A","Chiffre officiel",""
"TCL","Cultures et produits animaux","250","France","5610","Importations - Quantité","0112","Maïs","2008","2008","tonnes","410122","X","Ciffre de sources internationales","Données estimées en utilisant les données des pays partenaires"
"TCL","Cultures et produits animaux","250","France","5610","Importations - Quantité","0112","Maïs","2010","2010","tonnes","348191","A","Chiffre officiel",""
"TCL","Cultures et produits animaux","250","France","5610","Importations - Quantité","0112","Maïs","2012","2012","tonnes","429312","A","Chiffre officiel",""
"TCL","Cultures et produits animaux","250","France","5610","Importations - Quantité","0112","Maïs","2014","2014","tonnes","588080.24","A","Chiffre officiel",""
"TCL","Cultures et produits animaux","250","France","5610","Importations - Quantité","01450","Olives","1965","1965","tonnes","250","A","Chiffre officiel",""
"TCL","Cultures et produits animaux","250","France","5610","Importations - Quantité","01450","Olives","1970","1970","tonnes","247","A","Chiffre officiel",""
"TCL","Cultures et produits animaux","250","France","5610","Importations - Quantité","01450","Olives","1974","1974","tonnes","45","A","Chiffre officiel",""
"TCL","Cultures et produits animaux","250","France","5610","Importations - Quantité","01450","Olives","1978","1978","tonnes","96","A","Chiffre officiel",""
"TCL","Cultures et produits animaux","250","France","5610","Importations - Quantité","01450","Olives","1981","1981","tonnes","174","A","Chiffre officiel",""
"TCL","Cultures et produits animaux","250","France","5610","Importations - Quantité","01450","Olives","1985","1985","tonnes","227","A","Chiffre officiel",""
"TCL","Cultures et produits animaux","250","France","5610","Importations - Quantité","01450","Olives","1989","1989","tonnes","220","A","Chiffre officiel",""
"TCL","Cultures et produits animaux","250","France","5610","Importations - Quantité","01450","Olives","1993","1993","tonnes","247","A","Chiffre officiel",""
"TCL","Cultures et produits animaux","250","France","5610","Importations - Quantité","01450","Olives","1997","1997","tonnes","451","A","Chiffre officiel",""
"TCL","Cultures et produits animaux","250","France","5610","Importations - Quantité","01450","Olives","2000","2000","tonnes","1615","A","Chiffre officiel",""
"TCL","Cultures et produits animaux","250","France","5610","Importations - Quantité","01450","Olives","2004","2004","tonnes","2410","A","Chiffre officiel",""
"TCL","Cultures et produits animaux","250","France","5610","Importations - Quantité","01450","Olives","2006","2006","tonnes","1148","A","Chiffre officiel",""
"TCL","Cultures et produits animaux","250","France","5610","Importations - Quantité","01450","Olives","2008","2008","tonnes","1933","A","Chiffre officiel",""
"TCL","Cultures et produits animaux","250","France","5610","Importations - Quantité","01450","Olives","2010","2010","tonnes","1519","A","Chiffre officiel",""
"TCL","Cultures et produits animaux","250","France","5610","Importations - Quantité","01450","Olives","2012","2012","tonnes","1375","A","Chiffre officiel",""
"TCL","Cultures et produits animaux","250","France","5610","Importations - Quantité","01450","Olives","2014","2014","tonnes","1294.47","A","Chiffre officiel",""
"TCL","Cultures et produits animaux","250","France","5610","Importations - Quantité","0115","Orge","1965","1965","tonnes","478","A","Chiffre officiel",""
"TCL","Cultures et produits animaux","250","France","5610","Importations - Quantité","0115","Orge","1970","1970","tonnes","3078","A","Chiffre officiel",""
"TCL","Cultures et produits animaux","250","France","5610","Importations - Quantité","0115","Orge","1974","1974","tonnes","8987","A","Chiffre officiel",""
"TCL","Cultures et produits animaux","250","France","5610","Importations - Quantité","0115","Orge","1978","1978","tonnes","457966","A","Chiffre officiel",""
"TCL","Cultures et produits animaux","250","France","5610","Importations - Quantité","0115","Orge","1981","1981","tonnes","71243","A","Chiffre officiel",""
"TCL","Cultures et produits animaux","250","France","5610","Importations - Quantité","0115","Orge","1985","1985","tonnes","108712","A","Chiffre officiel",""
"TCL","Cultures et produits animaux","250","France","5610","Importations - Quantité","0115","Orge","1989","1989","tonnes","87309","A","Chiffre officiel",""
"TCL","Cultures et produits animaux","250","France","5610","Importations - Quantité","0115","Orge","1993","1993","tonnes","103089","A","Chiffre officiel",""
"TCL","Cultures et produits animaux","250","France","5610","Importations - Quantité","0115","Orge","1997","1997","tonnes","64042","A","Chiffre officiel",""
"TCL","Cultures et produits animaux","250","France","5610","Importations - Quantité","0115","Orge","2000","2000","tonnes","98933","A","Chiffre officiel",""
"TCL","Cultures et produits animaux","250","France","5610","Importations - Quantité","0115","Orge","2004","2004","tonnes","23565","A","Chiffre officiel",""
"TCL","Cultures et produits animaux","250","France","5610","Importations - Quantité","0115","Orge","2006","2006","tonnes","37870","A","Chiffre officiel",""
"TCL","Cultures et produits animaux","250","France","5610","Importations - Quantité","0115","Orge","2008","2008","tonnes","66549","X","Ciffre de sources internationales","Données estimées en utilisant les données des pays partenaires"
"TCL","Cultures et produits animaux","250","France","5610","Importations - Quantité","0115","Orge","2010","2010","tonnes","76673","A","Chiffre officiel",""
"TCL","Cultures et produits animaux","250","France","5610","Importations - Quantité","0115","Orge","2012","2012","tonnes","96518","A","Chiffre officiel",""
"TCL","Cultures et produits animaux","250","France","5610","Importations - Quantité","0115","Orge","2014","2014","tonnes","53378.17","A","Chiffre officiel",""
"TCL","Cultures et produits animaux","250","France","5610","Importations - Quantité","01703","Pois chiches, secs","1965","1965","tonnes","0","A","Chiffre officiel",""
"TCL","Cultures et produits animaux","250","France","5610","Importations - Quantité","01703","Pois chiches, secs","1970","1970","tonnes","0","A","Chiffre officiel",""
"TCL","Cultures et produits animaux","250","France","5610","Importations - Quantité","01703","Pois chiches, secs","1974","1974","tonnes","0","A","Chiffre officiel",""
"TCL","Cultures et produits animaux","250","France","5610","Importations - Quantité","01703","Pois chiches, secs","1978","1978","tonnes","0","A","Chiffre officiel",""
"TCL","Cultures et produits animaux","250","France","5610","Importations - Quantité","01703","Pois chiches, secs","1981","1981","tonnes","0","A","Chiffre officiel",""
"TCL","Cultures et produits animaux","250","France","5610","Importations - Quantité","01703","Pois chiches, secs","1985","1985","tonnes","0","A","Chiffre officiel",""
"TCL","Cultures et produits animaux","250","France","5610","Importations - Quantité","01703","Pois chiches, secs","1989","1989","tonnes","10816","A","Chiffre officiel",""
"TCL","Cultures et produits animaux","250","France","5610","Importations - Quantité","01703","Pois chiches, secs","1993","1993","tonnes","9948","A","Chiffre officiel",""
"TCL","Cultures et produits animaux","250","France","5610","Importations - Quantité","01703","Pois chiches, secs","1997","1997","tonnes","11534","A","Chiffre officiel",""
"TCL","Cultures et produits animaux","250","France","5610","Importations - Quantité","01703","Pois chiches, secs","2000","2000","tonnes","12986","A","Chiffre officiel",""
"TCL","Cultures et produits animaux","250","France","5610","Importations - Quantité","01703","Pois chiches, secs","2004","2004","tonnes","9076","A","Chiffre officiel",""
"TCL","Cultures et produits animaux","250","France","5610","Importations - Quantité","01703","Pois chiches, secs","2006","2006","tonnes","9103","A","Chiffre officiel",""
"TCL","Cultures et produits animaux","250","France","5610","Importations - Quantité","01703","Pois chiches, secs","2008","2008","tonnes","7961","A","Chiffre officiel",""
"TCL","Cultures et produits animaux","250","France","5610","Importations - Quantité","01703","Pois chiches, secs","2010","2010","tonnes","5600","A","Chiffre officiel",""
"TCL","Cultures et produits animaux","250","France","5610","Importations - Quantité","01703","Pois chiches, secs","2012","2012","tonnes","5424","A","Chiffre officiel",""
"TCL","Cultures et produits animaux","250","France","5610","Importations - Quantité","01703","Pois chiches, secs","2014","2014","tonnes","5774.66","A","Chiffre officiel",""
"TCL","Cultures et produits animaux","250","France","5610","Importations - Quantité","01242","Pois frais","1965","1965","tonnes","4457","A","Chiffre officiel",""
"TCL","Cultures et produits animaux","250","France","5610","Importations - Quantité","01242","Pois frais","1970","1970","tonnes","2635","A","Chiffre officiel",""
"TCL","Cultures et produits animaux","250","France","5610","Importations - Quantité","01242","Pois frais","1974","1974","tonnes","4363","A","Chiffre officiel",""
"TCL","Cultures et produits animaux","250","France","5610","Importations - Quantité","01242","Pois frais","1978","1978","tonnes","4541","A","Chiffre officiel",""
"TCL","Cultures et produits animaux","250","France","5610","Importations - Quantité","01242","Pois frais","1981","1981","tonnes","4219","A","Chiffre officiel",""
"TCL","Cultures et produits animaux","250","France","5610","Importations - Quantité","01242","Pois frais","1985","1985","tonnes","4589","A","Chiffre officiel",""
"TCL","Cultures et produits animaux","250","France","5610","Importations - Quantité","01242","Pois frais","1989","1989","tonnes","5522","A","Chiffre officiel",""
"TCL","Cultures et produits animaux","250","France","5610","Importations - Quantité","01242","Pois frais","1993","1993","tonnes","6752","A","Chiffre officiel",""
"TCL","Cultures et produits animaux","250","France","5610","Importations - Quantité","01242","Pois frais","1997","1997","tonnes","5508","A","Chiffre officiel",""
"TCL","Cultures et produits animaux","250","France","5610","Importations - Quantité","01242","Pois frais","2000","2000","tonnes","8348","A","Chiffre officiel",""
"TCL","Cultures et produits animaux","250","France","5610","Importations - Quantité","01242","Pois frais","2004","2004","tonnes","7206","A","Chiffre officiel",""
"TCL","Cultures et produits animaux","250","France","5610","Importations - Quantité","01242","Pois frais","2006","2006","tonnes","6898","A","Chiffre officiel",""
"TCL","Cultures et produits animaux","250","France","5610","Importations - Quantité","01242","Pois frais","2008","2008","tonnes","5626","A","Chiffre officiel",""
"TCL","Cultures et produits animaux","250","France","5610","Importations - Quantité","01242","Pois frais","2010","2010","tonnes","5860","A","Chiffre officiel",""
"TCL","Cultures et produits animaux","250","France","5610","Importations - Quantité","01242","Pois frais","2012","2012","tonnes","9298","A","Chiffre officiel",""
"TCL","Cultures et produits animaux","250","France","5610","Importations - Quantité","01242","Pois frais","2014","2014","tonnes","13396.54","A","Chiffre officiel",""
"TCL","Cultures et produits animaux","250","France","5610","Importations - Quantité","01705","Pois secs","1965","1965","tonnes","24831","A","Chiffre officiel",""
"TCL","Cultures et produits animaux","250","France","5610","Importations - Quantité","01705","Pois secs","1970","1970","tonnes","27038","A","Chiffre officiel",""
"TCL","Cultures et produits animaux","250","France","5610","Importations - Quantité","01705","Pois secs","1974","1974","tonnes","27542","A","Chiffre officiel",""
"TCL","Cultures et produits animaux","250","France","5610","Importations - Quantité","01705","Pois secs","1978","1978","tonnes","19562","A","Chiffre officiel",""
"TCL","Cultures et produits animaux","250","France","5610","Importations - Quantité","01705","Pois secs","1981","1981","tonnes","25111","A","Chiffre officiel",""
"TCL","Cultures et produits animaux","250","France","5610","Importations - Quantité","01705","Pois secs","1985","1985","tonnes","34889","A","Chiffre officiel",""
"TCL","Cultures et produits animaux","250","France","5610","Importations - Quantité","01705","Pois secs","1989","1989","tonnes","32224","A","Chiffre officiel",""
"TCL","Cultures et produits animaux","250","France","5610","Importations - Quantité","01705","Pois secs","1993","1993","tonnes","18763","A","Chiffre officiel",""
"TCL","Cultures et produits animaux","250","France","5610","Importations - Quantité","01705","Pois secs","1997","1997","tonnes","13595","A","Chiffre officiel",""
"TCL","Cultures et produits animaux","250","France","5610","Importations - Quantité","01705","Pois secs","2000","2000","tonnes","54953","A","Chiffre officiel",""
"TCL","Cultures et produits animaux","250","France","5610","Importations - Quantité","01705","Pois secs","2004","2004","tonnes","11767","A","Chiffre officiel",""
"TCL","Cultures et produits animaux","250","France","5610","Importations - Quantité","01705","Pois secs","2006","2006","tonnes","7978","A","Chiffre officiel",""
"TCL","Cultures et produits animaux","250","France","5610","Importations - Quantité","01705","Pois secs","2008","2008","tonnes","19056","A","Chiffre officiel",""
"TCL","Cultures et produits animaux","250","France","5610","Importations - Quantité","01705","Pois secs","2010","2010","tonnes","10853","A","Chiffre officiel",""
"TCL","Cultures et produits animaux","250","France","5610","Importations - Quantité","01705","Pois secs","2012","2012","tonnes","13107","A","Chiffre officiel",""
"TCL","Cultures et produits animaux","250","France","5610","Importations - Quantité","01705","Pois secs","2014","2014","tonnes","9027.74","A","Chiffre officiel",""
"TCL","Cultures et produits animaux","250","France","5610","Importations - Quantité","01510","Pommes de terre","1965","1965","tonnes","217300","A","Chiffre officiel",""
"TCL","Cultures et produits animaux","250","France","5610","Importations - Quantité","01510","Pommes de terre","1970","1970","tonnes","230398","A","Chiffre officiel",""
"TCL","Cultures et produits animaux","250","France","5610","Importations - Quantité","01510","Pommes de terre","1974","1974","tonnes","183005","A","Chiffre officiel",""
"TCL","Cultures et produits animaux","250","France","5610","Importations - Quantité","01510","Pommes de terre","1978","1978","tonnes","177963","A","Chiffre officiel",""
"TCL","Cultures et produits animaux","250","France","5610","Importations - Quantité","01510","Pommes de terre","1981","1981","tonnes","186385","A","Chiffre officiel",""
"TCL","Cultures et produits animaux","250","France","5610","Importations - Quantité","01510","Pommes de terre","1985","1985","tonnes","324395","A","Chiffre officiel",""
"TCL","Cultures et produits animaux","250","France","5610","Importations - Quantité","01510","Pommes de terre","1989","1989","tonnes","465656","A","Chiffre officiel",""
"TCL","Cultures et produits animaux","250","France","5610","Importations - Quantité","01510","Pommes de terre","1993","1993","tonnes","236762","A","Chiffre officiel",""
"TCL","Cultures et produits animaux","250","France","5610","Importations - Quantité","01510","Pommes de terre","1997","1997","tonnes","284867","A","Chiffre officiel",""
"TCL","Cultures et produits animaux","250","France","5610","Importations - Quantité","01510","Pommes de terre","2000","2000","tonnes","325416","A","Chiffre officiel",""
"TCL","Cultures et produits animaux","250","France","5610","Importations - Quantité","01510","Pommes de terre","2004","2004","tonnes","363728","A","Chiffre officiel",""
"TCL","Cultures et produits animaux","250","France","5610","Importations - Quantité","01510","Pommes de terre","2006","2006","tonnes","318292","A","Chiffre officiel",""
"TCL","Cultures et produits animaux","250","France","5610","Importations - Quantité","01510","Pommes de terre","2008","2008","tonnes","480610","A","Chiffre officiel",""
"TCL","Cultures et produits animaux","250","France","5610","Importations - Quantité","01510","Pommes de terre","2010","2010","tonnes","414729","A","Chiffre officiel",""
"TCL","Cultures et produits animaux","250","France","5610","Importations - Quantité","01510","Pommes de terre","2012","2012","tonnes","405048","A","Chiffre officiel",""
"TCL","Cultures et produits animaux","250","France","5610","Importations - Quantité","01510","Pommes de terre","2014","2014","tonnes","387035.22","A","Chiffre officiel",""
"TCL","Cultures et produits animaux","250","France","5610","Importations - Quantité","F0030","Riz, paddy (riz blanchi équivalent)","1965","1965","tonnes","84441","E","Valeur estimée",""
"TCL","Cultures et produits animaux","250","France","5610","Importations - Quantité","F0030","Riz, paddy (riz blanchi équivalent)","1970","1970","tonnes","89132","E","Valeur estimée",""
"TCL","Cultures et produits animaux","250","France","5610","Importations - Quantité","F0030","Riz, paddy (riz blanchi équivalent)","1974","1974","tonnes","152521","E","Valeur estimée",""
"TCL","Cultures et produits animaux","250","France","5610","Importations - Quantité","F0030","Riz, paddy (riz blanchi équivalent)","1978","1978","tonnes","273568","E","Valeur estimée",""
"TCL","Cultures et produits animaux","250","France","5610","Importations - Quantité","F0030","Riz, paddy (riz blanchi équivalent)","1981","1981","tonnes","240108","E","Valeur estimée",""
"TCL","Cultures et produits animaux","250","France","5610","Importations - Quantité","F0030","Riz, paddy (riz blanchi équivalent)","1985","1985","tonnes","277656","E","Valeur estimée",""
"TCL","Cultures et produits animaux","250","France","5610","Importations - Quantité","F0030","Riz, paddy (riz blanchi équivalent)","1989","1989","tonnes","289394","E","Valeur estimée",""
"TCL","Cultures et produits animaux","250","France","5610","Importations - Quantité","F0030","Riz, paddy (riz blanchi équivalent)","1993","1993","tonnes","262757","E","Valeur estimée",""
"TCL","Cultures et produits animaux","250","France","5610","Importations - Quantité","F0030","Riz, paddy (riz blanchi équivalent)","1997","1997","tonnes","356068","E","Valeur estimée",""
"TCL","Cultures et produits animaux","250","France","5610","Importations - Quantité","F0030","Riz, paddy (riz blanchi équivalent)","2000","2000","tonnes","402667","E","Valeur estimée",""
"TCL","Cultures et produits animaux","250","France","5610","Importations - Quantité","F0030","Riz, paddy (riz blanchi équivalent)","2004","2004","tonnes","460651","E","Valeur estimée",""
"TCL","Cultures et produits animaux","250","France","5610","Importations - Quantité","F0030","Riz, paddy (riz blanchi équivalent)","2006","2006","tonnes","447108","E","Valeur estimée",""
"TCL","Cultures et produits animaux","250","France","5610","Importations - Quantité","F0030","Riz, paddy (riz blanchi équivalent)","2008","2008","tonnes","492034","E","Valeur estimée",""
"TCL","Cultures et produits animaux","250","France","5610","Importations - Quantité","F0030","Riz, paddy (riz blanchi équivalent)","2010","2010","tonnes","445239","E","Valeur estimée",""
"TCL","Cultures et produits animaux","250","France","5610","Importations - Quantité","F0030","Riz, paddy (riz blanchi équivalent)","2012","2012","tonnes","477670","E","Valeur estimée",""
"TCL","Cultures et produits animaux","250","France","5610","Importations - Quantité","F0030","Riz, paddy (riz blanchi équivalent)","2014","2014","tonnes","519652","E","Valeur estimée",""
"TCL","Cultures et produits animaux","250","France","5610","Importations - Quantité","01192","Sarrasin, blé noir","1965","1965","tonnes","4395","A","Chiffre officiel",""
"TCL","Cultures et produits animaux","250","France","5610","Importations - Quantité","01192","Sarrasin, blé noir","1970","1970","tonnes","5078","A","Chiffre officiel",""
"TCL","Cultures et produits animaux","250","France","5610","Importations - Quantité","01192","Sarrasin, blé noir","1974","1974","tonnes","7333","A","Chiffre officiel",""
"TCL","Cultures et produits animaux","250","France","5610","Importations - Quantité","01192","Sarrasin, blé noir","1978","1978","tonnes","12332","A","Chiffre officiel",""
"TCL","Cultures et produits animaux","250","France","5610","Importations - Quantité","01192","Sarrasin, blé noir","1981","1981","tonnes","8027","A","Chiffre officiel",""
"TCL","Cultures et produits animaux","250","France","5610","Importations - Quantité","01192","Sarrasin, blé noir","1985","1985","tonnes","9301","A","Chiffre officiel",""
"TCL","Cultures et produits animaux","250","France","5610","Importations - Quantité","01192","Sarrasin, blé noir","1989","1989","tonnes","8777","A","Chiffre officiel",""
"TCL","Cultures et produits animaux","250","France","5610","Importations - Quantité","01192","Sarrasin, blé noir","1993","1993","tonnes","9056","A","Chiffre officiel",""
"TCL","Cultures et produits animaux","250","France","5610","Importations - Quantité","01192","Sarrasin, blé noir","1997","1997","tonnes","8332","A","Chiffre officiel",""
"TCL","Cultures et produits animaux","250","France","5610","Importations - Quantité","01192","Sarrasin, blé noir","2000","2000","tonnes","8874","A","Chiffre officiel",""
"TCL","Cultures et produits animaux","250","France","5610","Importations - Quantité","01192","Sarrasin, blé noir","2004","2004","tonnes","6526","A","Chiffre officiel",""
"TCL","Cultures et produits animaux","250","France","5610","Importations - Quantité","01192","Sarrasin, blé noir","2006","2006","tonnes","8659","A","Chiffre officiel",""
"TCL","Cultures et produits animaux","250","France","5610","Importations - Quantité","01192","Sarrasin, blé noir","2008","2008","tonnes","8244","A","Chiffre officiel",""
"TCL","Cultures et produits animaux","250","France","5610","Importations - Quantité","01192","Sarrasin, blé noir","2010","2010","tonnes","8298","A","Chiffre officiel",""
"TCL","Cultures et produits animaux","250","France","5610","Importations - Quantité","01192","Sarrasin, blé noir","2012","2012","tonnes","8053","A","Chiffre officiel",""
"TCL","Cultures et produits animaux","250","France","5610","Importations - Quantité","01192","Sarrasin, blé noir","2014","2014","tonnes","13045.5","A","Chiffre officiel",""
"TCL","Cultures et produits animaux","250","France","5610","Importations - Quantité","0116","Seigle","1965","1965","tonnes","35","A","Chiffre officiel",""
"TCL","Cultures et produits animaux","250","France","5610","Importations - Quantité","0116","Seigle","1970","1970","tonnes","630","A","Chiffre officiel",""
"TCL","Cultures et produits animaux","250","France","5610","Importations - Quantité","0116","Seigle","1974","1974","tonnes","1911","A","Chiffre officiel",""
"TCL","Cultures et produits animaux","250","France","5610","Importations - Quantité","0116","Seigle","1978","1978","tonnes","4874","A","Chiffre officiel",""
"TCL","Cultures et produits animaux","250","France","5610","Importations - Quantité","0116","Seigle","1981","1981","tonnes","2251","A","Chiffre officiel",""
"TCL","Cultures et produits animaux","250","France","5610","Importations - Quantité","0116","Seigle","1985","1985","tonnes","2841","A","Chiffre officiel",""
"TCL","Cultures et produits animaux","250","France","5610","Importations - Quantité","0116","Seigle","1989","1989","tonnes","2271","A","Chiffre officiel",""
"TCL","Cultures et produits animaux","250","France","5610","Importations - Quantité","0116","Seigle","1993","1993","tonnes","1225","A","Chiffre officiel",""
"TCL","Cultures et produits animaux","250","France","5610","Importations - Quantité","0116","Seigle","1997","1997","tonnes","575","A","Chiffre officiel",""
"TCL","Cultures et produits animaux","250","France","5610","Importations - Quantité","0116","Seigle","2000","2000","tonnes","2501","A","Chiffre officiel",""
"TCL","Cultures et produits animaux","250","France","5610","Importations - Quantité","0116","Seigle","2004","2004","tonnes","31817","A","Chiffre officiel",""
"TCL","Cultures et produits animaux","250","France","5610","Importations - Quantité","0116","Seigle","2006","2006","tonnes","3927","A","Chiffre officiel",""
"TCL","Cultures et produits animaux","250","France","5610","Importations - Quantité","0116","Seigle","2008","2008","tonnes","4512","A","Chiffre officiel",""
"TCL","Cultures et produits animaux","250","France","5610","Importations - Quantité","0116","Seigle","2010","2010","tonnes","1474","X","Ciffre de sources internationales","Données estimées en utilisant les données des pays partenaires"
"TCL","Cultures et produits animaux","250","France","5610","Importations - Quantité","0116","Seigle","2012","2012","tonnes","1124","A","Chiffre officiel",""
"TCL","Cultures et produits animaux","250","France","5610","Importations - Quantité","0116","Seigle","2014","2014","tonnes","939.2","A","Chiffre officiel",""
"TCL","Cultures et produits animaux","250","France","5610","Importations - Quantité","2351f","Sucre de betterave ou de canne brut (centrifugé uniquement)","1965","1965","tonnes","433100","A","Chiffre officiel",""
"TCL","Cultures et produits animaux","250","France","5610","Importations - Quantité","2351f","Sucre de betterave ou de canne brut (centrifugé uniquement)","1970","1970","tonnes","361236","A","Chiffre officiel",""
"TCL","Cultures et produits animaux","250","France","5610","Importations - Quantité","2351f","Sucre de betterave ou de canne brut (centrifugé uniquement)","1974","1974","tonnes","400285","A","Chiffre officiel",""
"TCL","Cultures et produits animaux","250","France","5610","Importations - Quantité","2351f","Sucre de betterave ou de canne brut (centrifugé uniquement)","1978","1978","tonnes","379823","A","Chiffre officiel",""
"TCL","Cultures et produits animaux","250","France","5610","Importations - Quantité","2351f","Sucre de betterave ou de canne brut (centrifugé uniquement)","1981","1981","tonnes","340994","A","Chiffre officiel",""
"TCL","Cultures et produits animaux","250","France","5610","Importations - Quantité","2351f","Sucre de betterave ou de canne brut (centrifugé uniquement)","1985","1985","tonnes","300477","A","Chiffre officiel",""
"TCL","Cultures et produits animaux","250","France","5610","Importations - Quantité","2351f","Sucre de betterave ou de canne brut (centrifugé uniquement)","1989","1989","tonnes","335976","A","Chiffre officiel",""
"TCL","Cultures et produits animaux","250","France","5610","Importations - Quantité","2351f","Sucre de betterave ou de canne brut (centrifugé uniquement)","1993","1993","tonnes","309660","A","Chiffre officiel",""
"TCL","Cultures et produits animaux","250","France","5610","Importations - Quantité","2351f","Sucre de betterave ou de canne brut (centrifugé uniquement)","1997","1997","tonnes","112531","A","Chiffre officiel",""
"TCL","Cultures et produits animaux","250","France","5610","Importations - Quantité","2351f","Sucre de betterave ou de canne brut (centrifugé uniquement)","2000","2000","tonnes","126826","A","Chiffre officiel",""
"TCL","Cultures et produits animaux","250","France","5610","Importations - Quantité","2351f","Sucre de betterave ou de canne brut (centrifugé uniquement)","2004","2004","tonnes","151430","A","Chiffre officiel",""
"TCL","Cultures et produits animaux","250","France","5610","Importations - Quantité","2351f","Sucre de betterave ou de canne brut (centrifugé uniquement)","2006","2006","tonnes","194785","A","Chiffre officiel",""
"TCL","Cultures et produits animaux","250","France","5610","Importations - Quantité","2351f","Sucre de betterave ou de canne brut (centrifugé uniquement)","2008","2008","tonnes","181981","X","Ciffre de sources internationales","Données estimées en utilisant les données des pays partenaires"
"TCL","Cultures et produits animaux","250","France","5610","Importations - Quantité","2351f","Sucre de betterave ou de canne brut (centrifugé uniquement)","2010","2010","tonnes","123074","A","Chiffre officiel",""
"TCL","Cultures et produits animaux","250","France","5610","Importations - Quantité","2351f","Sucre de betterave ou de canne brut (centrifugé uniquement)","2012","2012","tonnes","99163","A","Chiffre officiel",""
"TCL","Cultures et produits animaux","250","France","5610","Importations - Quantité","2351f","Sucre de betterave ou de canne brut (centrifugé uniquement)","2014","2014","tonnes","139440.63","A","Chiffre officiel",""
